"situation","Date","pla","somupvtsem","laimax","laisen_n","hauteur","raint","trg_n","ilevs","iamfs","ilaxs","densite","demande","codebbch_output","masec_n","masecveg","masec_kg_ha","mafeuil_kg_ha","matigestruc_kg_ha","QNfeuilleres","QNtige","Plant"
"wheat",1994-10-17,"ble",0,0,0,0,0,9.4,308,449,493,311,0,-1,0,0,0,0,0,0,0,"plant_1"
"wheat",1994-10-18,"ble",0,0,0,0,0,8.4,308,449,493,311,0,-1,0,0,0,0,0,0,0,"plant_1"
"wheat",1994-10-19,"ble",0,0,0,0,0,6.1,308,449,493,311,0,-1,0,0,0,0,0,0,0,"plant_1"
"wheat",1994-10-20,"ble",0,0,0,0,0,3.1,308,449,493,311,0,-1,0,0,0,0,0,0,0,"plant_1"
"wheat",1994-10-21,"ble",0,0,0,0,0,5.4,308,449,493,311,0,-1,0,0,0,0,0,0,0,"plant_1"
"wheat",1994-10-22,"ble",0,0,0,0,0,3.2,308,449,493,311,0,-1,0,0,0,0,0,0,0,"plant_1"
"wheat",1994-10-23,"ble",0,0,0,0,0,5.9,308,449,493,311,0,-1,0,0,0,0,0,0,0,"plant_1"
"wheat",1994-10-24,"ble",0,0,0,0,0,6.9,308,449,493,311,0,0,0,0,0,0,0,0,0,"plant_1"
"wheat",1994-10-25,"ble",11.5,0,0,0,0,5.5,308,449,493,311,0,0,0,0,0,0,0,0,0,"plant_1"
"wheat",1994-10-26,"ble",22.75,0,0,0,0,5.9,308,449,493,311,0,0,0,0,0,0,0,0,0,"plant_1"
"wheat",1994-10-27,"ble",32.45,0,0,0,0,3,308,449,493,311,0,0,0,0,0,0,0,0,0,"plant_1"
"wheat",1994-10-28,"ble",41.3,0,0,0,0,9,308,449,493,311,0,0,0,0,0,0,0,0,0,"plant_1"
"wheat",1994-10-29,"ble",49.35,0,0,0,0,2.7,308,449,493,311,0,0,0,0,0,0,0,0,0,"plant_1"
"wheat",1994-10-30,"ble",59.4,0,0,0,0,2.7,308,449,493,311,0,0,0,0,0,0,0,0,0,"plant_1"
"wheat",1994-10-31,"ble",72.8,0,0,0,0,2.8,308,449,493,311,0,5,0,0,0,0,0,0,0,"plant_1"
"wheat",1994-11-01,"ble",72.8,0,0,0,0,9.5,308,449,493,311,0,5,0,0,0,0,0,0,0,"plant_1"
"wheat",1994-11-02,"ble",72.8,0,0,0,0,6.6,308,449,493,311,0,5,0,0,0,0,0,0,0,"plant_1"
"wheat",1994-11-03,"ble",72.8,0,0,0,0,9.9,308,449,493,311,0,5,0,0,0,0,0,0,0,"plant_1"
"wheat",1994-11-04,"ble",72.8,2e-04,0,0.00017,0.00012,2.6,308,449,493,311,0.01,9,0,0,0.00259,0.00259,0,0,0,"plant_1"
"wheat",1994-11-05,"ble",72.8,0.00332,0,0.00278,0.00181,2.4,308,449,493,311,0.01,9,4e-05,4e-05,0.04248,0.04248,0,0,0,"plant_1"
"wheat",1994-11-06,"ble",72.8,0.00628,0,0.00527,0.01044,7.3,308,449,493,311,0.01615,9,0.00027,0.00027,0.27216,0.27216,0,0,0,"plant_1"
"wheat",1994-11-07,"ble",72.8,0.00822,0,0.00689,0.01347,7.2,308,449,493,311,0.02008,9,0.00056,0.00056,0.55789,0.55789,0,0,0,"plant_1"
"wheat",1994-11-08,"ble",72.8,0.01,0,0.00837,0.00705,3.1,308,449,493,311,0.01019,9,7e-04,7e-04,0.70292,0.70292,0,0,0,"plant_1"
"wheat",1994-11-09,"ble",72.8,0.01223,0,0.01023,0.00639,2.3,308,449,493,311,0.01,9,0.00084,0.00084,0.84302,0.84302,0,0,0,"plant_1"
"wheat",1994-11-10,"ble",72.8,0.01428,0,0.01193,0.00908,2.8,308,449,493,311,0.01376,9,0.00104,0.00104,1.03876,1.03876,0,0,0,"plant_1"
"wheat",1994-11-11,"ble",72.81138,0.01654,0,0.01382,0.01052,2.8,308,449,493,311,0.01622,9,0.00127,0.00127,1.26946,1.26946,0,0,0,"plant_1"
"wheat",1994-11-12,"ble",72.87894,0.01866,0,0.01557,0.00932,2.2,308,449,493,311,0.01422,9,0.00147,0.00147,1.47177,1.47177,0,0,0,"plant_1"
"wheat",1994-11-13,"ble",72.99223,0.02052,0,0.01711,0.01908,4.1,308,449,493,311,0.028,9,0.00187,0.00187,1.87005,1.87005,0,0,0,"plant_1"
"wheat",1994-11-14,"ble",73.18209,0.02276,0,0.01896,0.01083,2.1,308,449,493,311,0.01666,9,0.00211,0.00211,2.10711,2.10711,0,0,0,"plant_1"
"wheat",1994-11-15,"ble",73.45161,0.02546,0,0.02119,0.03345,5.8,308,449,493,311,0.05166,9,0.00284,0.00284,2.84209,2.84209,0,0,0,"plant_1"
"wheat",1994-11-16,"ble",73.76189,0.02817,0,0.02343,0.01276,2,308,449,493,311,0.01972,9,0.00312,0.00312,3.12257,3.12257,0,0,0,"plant_1"
"wheat",1994-11-17,"ble",74.03198,0.0301,0,0.02502,0.01907,2.8,308,449,493,311,0.02809,9,0.00352,0.00352,3.5222,3.5222,0,0,0,"plant_1"
"wheat",1994-11-18,"ble",74.35648,0.03208,0,0.02665,0.01451,2,308,449,493,311,0.0215,9,0.00383,0.00383,3.82801,3.82801,0,0,0,"plant_1"
"wheat",1994-11-19,"ble",74.77301,0.03435,0,0.02851,0.01553,2,308,449,493,311,0.02376,9,0.00417,0.00417,4.16604,4.16604,0,0,0,"plant_1"
"wheat",1994-11-20,"ble",75.31447,0.03712,0,0.03078,0.03941,4.7,308,449,493,311,0.06086,9,0.00503,0.00503,5.0318,5.0318,0,0,0,"plant_1"
"wheat",1994-11-21,"ble",75.92989,0.04017,0,0.03327,0.01723,1.9,308,449,493,311,0.02662,9,0.00541,0.00541,5.41053,5.41053,0,0,0,"plant_1"
"wheat",1994-11-22,"ble",76.53062,0.04299,0,0.03557,0.01842,1.9,308,449,493,311,0.02847,9,0.00582,0.00582,5.81557,5.81557,0,0,0,"plant_1"
"wheat",1994-11-23,"ble",77.16045,0.0458,0,0.03786,0.02891,2.8,308,449,493,311,0.04466,9,0.00645,0.00645,6.45088,6.45088,0,0,0,"plant_1"
"wheat",1994-11-24,"ble",77.77011,0.04837,0,0.03995,0.01961,1.8,308,449,493,311,0.03019,9,0.00688,0.00688,6.88038,6.88038,0,0,0,"plant_1"
"wheat",1994-11-25,"ble",78.27039,0.05033,0,0.04154,0.0204,1.8,308,449,493,311,0.02876,9,0.00729,0.00729,7.28953,7.28953,0,0,0,"plant_1"
"wheat",1994-11-26,"ble",78.97137,0.05295,0,0.04366,0.02144,1.8,308,449,493,311,0.03295,9,0.00776,0.00776,7.75829,7.75829,0,0,0,"plant_1"
"wheat",1994-11-27,"ble",79.71243,0.05561,0,0.04582,0.02126,1.7,308,449,493,311,0.03264,9,0.00822,0.00822,8.22268,8.22268,0,0,0,"plant_1"
"wheat",1994-11-28,"ble",80.49285,0.05832,0,0.048,0.02228,1.7,308,449,493,311,0.03419,9,0.00871,0.00871,8.70902,8.70902,0,0,0,"plant_1"
"wheat",1994-11-29,"ble",81.06164,0.0602,0,0.04952,0.02299,1.7,308,449,493,311,0.03052,9,0.00914,0.00914,9.14323,9.14323,0,0,0,"plant_1"
"wheat",1994-11-30,"ble",81.65063,0.06206,0,0.05101,0.04458,3.2,308,449,493,311,0.05827,9,0.00997,0.00997,9.9722,9.9722,0,0,0,"plant_1"
"wheat",1994-12-01,"ble",82.17216,0.06363,0,0.05228,0.0257,1.8,308,449,493,311,0.03011,9,0.0104,0.0104,10.40059,10.40059,0,0,0,"plant_1"
"wheat",1994-12-02,"ble",82.49548,0.06457,0,0.05303,0.07099,4.9,308,449,493,311,0.05584,9,0.01119,0.01119,11.19497,11.19497,0,0,0,"plant_1"
"wheat",1994-12-03,"ble",82.95799,0.06587,0,0.05407,0.04284,2.9,308,449,493,311,0.04299,9,0.01181,0.01181,11.80655,11.80655,0,0,0,"plant_1"
"wheat",1994-12-04,"ble",83.97518,0.06868,0,0.05632,0.02617,1.7,308,449,493,311,0.03966,9,0.01237,0.01237,12.3708,12.3708,0,0,0,"plant_1"
"wheat",1994-12-05,"ble",85.16266,0.07196,0,0.05895,0.0838,5.2,308,449,493,311,0.12911,9,0.01421,0.01421,14.20758,14.20758,0,0,0,"plant_1"
"wheat",1994-12-06,"ble",86.21227,0.07484,0,0.06125,0.09044,5.4,308,449,493,311,0.13532,9,0.01613,0.01613,16.13274,16.13274,0,0,0,"plant_1"
"wheat",1994-12-07,"ble",87.03751,0.07706,0,0.06302,0.03447,2,308,449,493,311,0.04575,9,0.01678,0.01678,16.78363,16.78363,0,0,0,"plant_1"
"wheat",1994-12-08,"ble",87.97607,0.07955,0,0.065,0.02845,1.6,308,449,493,311,0.03954,9,0.01735,0.01735,17.34619,17.34619,0,0,0,"plant_1"
"wheat",1994-12-09,"ble",89.07339,0.08245,0,0.0673,0.02947,1.6,308,449,493,311,0.04313,9,0.01796,0.01796,17.95974,17.95974,0,0,0,"plant_1"
"wheat",1994-12-10,"ble",89.98464,0.08483,0,0.06918,0.02841,1.5,308,449,493,311,0.03743,9,0.01849,0.01849,18.49227,18.49227,0,0,0,"plant_1"
"wheat",1994-12-11,"ble",91.24297,0.08813,0,0.07179,0.02949,1.5,308,449,493,311,0.04415,9,0.01912,0.01912,19.12039,19.12039,0,0,0,"plant_1"
"wheat",1994-12-12,"ble",92.90239,0.09259,0,0.07531,0.05776,2.8,308,449,493,311,0.08914,9,0.02039,0.02039,20.38847,20.38847,0,0,0,"plant_1"
"wheat",1994-12-13,"ble",94.58221,0.09724,0,0.07896,0.09738,4.5,308,449,493,311,0.15005,9,0.02252,0.02252,22.52308,22.52308,0,0,0,"plant_1"
"wheat",1994-12-14,"ble",95.73037,0.10041,0,0.08145,0.09601,4.3,308,449,493,311,0.13463,9,0.02444,0.02444,24.43838,24.43838,0,0,0,"plant_1"
"wheat",1994-12-15,"ble",96.5002,0.10251,0,0.08309,0.10936,4.8,308,449,493,311,0.11825,9,0.02612,0.02612,26.12069,26.12069,0,0,0,"plant_1"
"wheat",1994-12-16,"ble",96.89949,0.10359,0,0.08393,0.03452,1.5,308,449,493,311,0.02164,9,0.02643,0.02643,26.42853,26.42853,0,0,0,"plant_1"
"wheat",1994-12-17,"ble",97.60318,0.10546,0,0.08539,0.03513,1.5,308,449,493,311,0.03418,9,0.02691,0.02691,26.91476,26.91476,0,0,0,"plant_1"
"wheat",1994-12-18,"ble",98.83021,0.10873,0,0.08794,0.03619,1.5,308,449,493,311,0.04953,9,0.02762,0.02762,27.61937,27.61937,0,0,0,"plant_1"
"wheat",1994-12-19,"ble",99.79281,0.11129,0,0.08994,0.12834,5.2,308,449,493,311,0.14897,9,0.02974,0.02974,29.7386,29.7386,0,0,0,"plant_1"
"wheat",1994-12-20,"ble",100.68597,0.11365,0,0.09177,0.1184,4.7,308,449,493,311,0.12798,9,0.03156,0.03156,31.55927,31.55927,0,0,0,"plant_1"
"wheat",1994-12-21,"ble",101.38522,0.11549,0,0.09319,0.0435,1.7,308,449,493,311,0.03842,9,0.03211,0.03211,32.10581,32.10581,0,0,0,"plant_1"
"wheat",1994-12-22,"ble",101.66083,0.1162,0,0.09375,0.04376,1.7,308,449,493,311,0.01681,9,0.03235,0.03235,32.34502,32.34502,0,0,0,"plant_1"
"wheat",1994-12-23,"ble",102.00451,0.11708,0,0.09443,0.05186,2,308,449,493,311,0.0239,9,0.03269,0.03269,32.68502,32.68502,0,0,0,"plant_1"
"wheat",1994-12-24,"ble",102.00451,0.11708,0,0.09443,0.03889,1.5,308,449,493,311,0.01,9,0.03269,0.03269,32.69356,32.69356,0,0,0,"plant_1"
"wheat",1994-12-25,"ble",102.00451,0.11708,0,0.09443,0.04149,1.6,308,449,493,311,0.01,9,0.0327,0.0327,32.70267,32.70267,0,0,0,"plant_1"
"wheat",1994-12-26,"ble",102.00451,0.11708,0,0.09443,0.03889,1.5,308,449,493,311,0.01,9,0.03271,0.03271,32.71122,32.71122,0,0,0,"plant_1"
"wheat",1994-12-27,"ble",102.6374,0.11864,0,0.09563,0.03939,1.5,308,449,493,311,0.02959,9,0.03313,0.03313,33.13215,33.13215,0,0,0,"plant_1"
"wheat",1994-12-28,"ble",104.27374,0.12274,0,0.0988,0.04072,1.5,308,449,493,311,0.05767,9,0.03395,0.03395,33.95262,33.95262,0,0,0,"plant_1"
"wheat",1994-12-29,"ble",106.71281,0.12916,0,0.10374,0.04278,1.5,308,449,493,311,0.06605,9,0.03489,0.03489,34.89222,34.89222,0,0,0,"plant_1"
"wheat",1994-12-30,"ble",108.73412,0.13465,0,0.10794,0.13657,4.6,308,449,493,311,0.20487,9,0.03781,0.03781,37.80669,37.80669,0,0,0,"plant_1"
"wheat",1994-12-31,"ble",110.29849,0.13897,0,0.11123,0.07652,2.5,308,449,493,311,0.10214,9,0.03926,0.03926,39.25969,39.25969,0,0,0,"plant_1"
"wheat",1995-01-01,"ble",111.57938,0.14253,0,0.11394,0.18192,5.8,308,449,493,311,0.21073,9,0.04226,0.04226,42.25762,40.72199,0.73115,0,0,"plant_1"
"wheat",1995-01-02,"ble",112.0672,0.14387,0,0.11496,0.1266,4,308,449,493,311,0.06622,9,0.0432,0.0432,43.19972,41.10552,0.92291,0,0,"plant_1"
"wheat",1995-01-03,"ble",112.15561,0.14411,0,0.11515,0.05706,1.8,308,449,493,311,0.01,9,0.04328,0.04328,43.28184,41.17388,0.95709,0,0,"plant_1"
"wheat",1995-01-04,"ble",112.15561,0.14411,0,0.11515,0.1807,5.7,308,449,493,311,0.01,9,0.04332,0.04332,43.32133,41.17388,0.95709,0,0,"plant_1"
"wheat",1995-01-05,"ble",112.15561,0.14411,0,0.11515,0.07608,2.4,308,449,493,311,0.01,9,0.04334,0.04334,43.33802,41.17388,0.95709,0,0,"plant_1"
"wheat",1995-01-06,"ble",112.15561,0.14411,0,0.11515,0.06657,2.1,308,449,493,311,0.01,9,0.04335,0.04335,43.35263,41.17388,0.95709,0,0,"plant_1"
"wheat",1995-01-07,"ble",112.32037,0.14453,0,0.11547,0.17485,5.5,308,449,493,311,0.03043,9,0.04379,0.04379,43.78549,41.29404,1.01718,0,0,"plant_1"
"wheat",1995-01-08,"ble",112.99631,0.14624,0,0.11677,0.05145,1.6,308,449,493,311,0.03273,9,0.04425,0.04425,44.25116,41.7839,1.2621,0,0,"plant_1"
"wheat",1995-01-09,"ble",114.05053,0.14892,0,0.1188,0.09816,3,308,449,493,311,0.08816,9,0.04551,0.04551,45.50541,42.54967,1.64499,0,0,"plant_1"
"wheat",1995-01-10,"ble",115.28716,0.15209,0,0.12119,0.06678,2,308,449,493,311,0.06644,9,0.04645,0.04645,46.45067,43.45429,2.0973,0,0,"plant_1"
"wheat",1995-01-11,"ble",117.48868,0.15799,0,0.12564,0.08659,2.5,308,449,493,311,0.12212,9,0.04819,0.04819,48.188,45.14036,2.94033,0,0,"plant_1"
"wheat",1995-01-12,"ble",118.63677,0.16115,0,0.12801,0.09178,2.6,308,449,493,311,0.08471,9,0.04939,0.04939,49.39314,46.04161,3.35153,0,0,"plant_1"
"wheat",1995-01-13,"ble",119.30727,0.16301,0,0.1294,0.06068,1.7,308,449,493,311,0.03556,9,0.0499,0.0499,49.89904,46.5738,3.32524,0,0,"plant_1"
"wheat",1995-01-14,"ble",120.03609,0.16506,0,0.13094,0.06863,1.9,308,449,493,311,0.04296,9,0.05051,0.05051,50.51023,47.15955,3.35068,0,0,"plant_1"
"wheat",1995-01-15,"ble",121.41214,0.16905,0,0.13392,0.12936,3.5,308,449,493,311,0.13421,9,0.05242,0.05242,52.41956,48.29947,3.92065,0,0,"plant_1"
"wheat",1995-01-16,"ble",123.40597,0.17511,0,0.13843,0.16055,4.2,308,449,493,311,0.21054,9,0.05541,0.05541,55.41478,50.03124,4.78653,0,0,"plant_1"
"wheat",1995-01-17,"ble",124.18047,0.17749,0,0.14021,0.12392,3.2,308,449,493,311,0.07985,9,0.05655,0.05655,56.55073,50.71278,5.1273,0,0,"plant_1"
"wheat",1995-01-18,"ble",126.16801,0.18391,0,0.14495,0.08413,2.1,308,449,493,311,0.10937,9,0.05811,0.05811,58.1067,52.54547,5.56123,0,0,"plant_1"
"wheat",1995-01-19,"ble",127.82764,0.18947,0,0.14905,0.07419,1.8,308,449,493,311,0.08581,9,0.05933,0.05933,59.32745,54.13409,5.19336,0,0,"plant_1"
"wheat",1995-01-20,"ble",129.4187,0.19499,0,0.15311,0.18215,4.3,308,449,493,311,0.20266,9,0.06221,0.06221,62.21058,55.71179,5.98221,0,0,"plant_1"
"wheat",1995-01-21,"ble",131.51761,0.20264,0,0.1587,0.08348,1.9,308,449,493,311,0.1102,9,0.06378,0.06378,63.77832,57.89819,5.88013,0,0,"plant_1"
"wheat",1995-01-22,"ble",133.5795,0.21053,0,0.16443,0.08657,1.9,308,449,493,311,0.11253,9,0.06538,0.06538,65.37923,60.09714,5.28209,0,0,"plant_1"
"wheat",1995-01-23,"ble",136.65175,0.22301,2e-04,0.17358,0.21652,4.5,308,449,493,311,0.32825,9,0.07005,0.07005,70.04894,63.72047,6.32847,0,0,"plant_1"
"wheat",1995-01-24,"ble",138.65218,0.23166,2e-04,0.17978,0.09975,2,308,449,493,311,0.12593,9,0.07184,0.07184,71.8404,66.19088,5.64951,0,0,"plant_1"
"wheat",1995-01-25,"ble",140.97968,0.24229,2e-04,0.18734,0.10405,2,308,449,493,311,0.14203,9,0.07386,0.07386,73.86102,69.22774,4.63328,0,0,"plant_1"
"wheat",1995-01-26,"ble",143.81819,0.25618,2e-04,0.19714,0.11513,2.1,308,449,493,311,0.17019,9,0.07628,0.07628,76.28215,73.19621,3.08595,0,0,"plant_1"
"wheat",1995-01-27,"ble",146.16255,0.2683,2e-04,0.20561,0.14312,2.5,308,449,493,311,0.19382,9,0.07904,0.07904,79.03947,76.65975,2.37972,0,0,"plant_1"
"wheat",1995-01-28,"ble",147.83681,0.27728,2e-04,0.21184,0.27155,4.6,308,449,493,311,0.29561,9,0.08324,0.08324,83.24493,79.22509,3.66238,0,0,"plant_1"
"wheat",1995-01-29,"ble",150.50333,0.29252,2e-04,0.22233,0.1303,2.1,308,449,493,311,0.18582,9,0.08589,0.08589,85.88842,83.58033,2.30809,0,0,"plant_1"
"wheat",1995-01-30,"ble",153.42813,0.31047,2e-04,0.23454,0.28194,4.3,308,449,493,311,0.41272,9,0.09176,0.09176,91.75986,88.70844,3.05142,0,0,"plant_1"
"wheat",1995-01-31,"ble",155.21669,0.31164,2e-04,0.23533,0.14475,2.2,308,449,493,311,0.16225,9,0.09407,0.09407,94.06808,89.04328,3.21884,0,0,"plant_1"
"wheat",1995-02-01,"ble",156.55238,0.31254,2e-04,0.23594,0.2309,3.5,308,449,493,311,0.20636,9,0.097,0.097,97.00375,89.30009,3.34724,0,0,"plant_1"
"wheat",1995-02-02,"ble",159.79147,0.3149,2e-04,0.23753,0.53809,8.1,308,449,493,311,0.79719,9,0.10834,0.10834,108.34469,89.97424,3.68432,0,0,"plant_1"
"wheat",1995-02-03,"ble",162.07388,0.31647,2e-04,0.23858,0.26694,4,308,449,493,311,0.34603,9,0.11302,0.11302,113.02281,89.56347,3.68432,0,0,"plant_1"
"wheat",1995-02-04,"ble",164.10042,0.31647,0.00332,0.23968,0.15283,2.3,308,449,493,311,0.18104,9,0.1156,0.1156,115.59837,89.36431,3.68432,0,0,"plant_1"
"wheat",1995-02-05,"ble",167.22952,0.31647,0.00628,0.2415,0.15935,2.4,308,449,493,311,0.23476,9,0.11894,0.11894,118.93813,89.81476,3.90954,0,0,"plant_1"
"wheat",1995-02-06,"ble",170.0108,0.31647,0.00822,0.24323,0.15965,2.4,308,449,493,311,0.22334,9,0.12212,0.12212,122.11542,90.15898,4.08165,0,0,"plant_1"
"wheat",1995-02-07,"ble",173.17273,0.31675,0.01,0.24534,0.16698,2.5,308,449,493,311,0.24503,9,0.1256,0.1256,125.6013,90.53594,4.27013,0,0,"plant_1"
"wheat",1995-02-08,"ble",175.74248,0.31724,0.01223,0.24716,0.18728,2.8,308,449,493,311,0.24894,9,0.12914,0.12914,129.14284,90.88754,4.44593,0,0,"plant_1"
"wheat",1995-02-09,"ble",178.80061,0.31869,0.01428,0.24949,0.26196,3.9,308,449,493,311,0.37525,9,0.13448,0.13448,134.48125,91.42313,4.71373,0,0,"plant_1"
"wheat",1995-02-10,"ble",180.69972,0.31869,0.01654,0.25099,0.2418,3.6,308,449,493,311,0.26185,9,0.13821,0.13821,138.20644,91.6254,4.81486,0,0,"plant_1"
"wheat",1995-02-11,"ble",182.86308,0.31927,0.01866,0.25279,0.18839,2.8,308,449,493,311,0.22171,9,0.14136,0.14136,141.36057,92.18602,5.09517,0,0,"plant_1"
"wheat",1995-02-12,"ble",186.19514,0.32193,0.02052,0.25577,0.65763,9.7,308,449,493,311,0.9474,9,0.15484,0.15484,154.83852,93.02551,5.51491,0,0,"plant_1"
"wheat",1995-02-13,"ble",189.26152,0.3222,0.02276,0.25743,0.18319,2.7,308,449,493,311,0.26964,9,0.15794,0.15794,157.93924,93.55836,5.78134,0,0,"plant_1"
"wheat",1995-02-14,"ble",192.75386,0.32503,0.02546,0.26107,0.56771,8.3,308,449,493,311,0.82789,9,0.16972,0.16972,169.71693,94.35602,6.18017,0,0,"plant_1"
"wheat",1995-02-15,"ble",195.76305,0.32503,0.0301,0.26357,0.48448,7.1,308,449,493,311,0.68345,9,0.17831,0.17831,178.3075,95.12309,6.5637,0,0,"plant_1"
"wheat",1995-02-16,"ble",199.92322,0.32967,0.03208,0.26845,0.41579,6,308,449,493,311,0.63175,9,0.18709,0.18709,187.09311,96.87798,7.44115,0,0,"plant_1"
"wheat",1995-02-17,"ble",203.13591,0.33393,0.03435,0.2727,0.26645,3.8,308,449,493,311,0.37619,9,0.19244,0.19244,192.44487,98.5827,8.29351,0,0,"plant_1"
"wheat",1995-02-18,"ble",206.08168,0.33756,0.03712,0.27684,0.60196,8.5,308,449,493,311,0.80128,9,0.20384,0.20384,203.84413,99.84402,8.92417,0,0,"plant_1"
"wheat",1995-02-19,"ble",208.53456,0.33864,0.04017,0.27951,0.21308,3,308,449,493,311,0.26787,9,0.20719,0.20719,207.19409,100.24586,9.12509,0,0,"plant_1"
"wheat",1995-02-20,"ble",211.84775,0.34122,0.0458,0.28478,0.22887,3.2,308,449,493,311,0.32359,9,0.2118,0.2118,211.79755,102.20248,10.1034,0,0,"plant_1"
"wheat",1995-02-21,"ble",215.9494,0.34986,0.04837,0.29194,0.35859,4.9,308,449,493,311,0.53972,9,0.21948,0.21948,219.47569,105.17308,11.5887,0,0,"plant_1"
"wheat",1995-02-22,"ble",218.72473,0.35597,0.05033,0.29705,0.83271,11.2,308,449,493,311,1.03992,9,0.23427,0.23427,234.26984,107.10488,12.5546,0,0,"plant_1"
"wheat",1995-02-23,"ble",220.58057,0.35896,0.05295,0.30059,0.48697,6.5,308,449,493,311,0.46582,9,0.2409,0.2409,240.89671,107.93148,12.9679,0,0,"plant_1"
"wheat",1995-02-24,"ble",222.77422,0.36052,0.05832,0.30495,0.24821,3.3,308,449,493,311,0.26873,9,0.24472,0.24472,244.71976,109.72542,13.86487,0,0,"plant_1"
"wheat",1995-02-25,"ble",225.67476,0.36843,0.0602,0.31106,0.59074,7.7,308,449,493,311,0.75058,9,0.2554,0.2554,255.39771,112.41558,15.20995,0,0,"plant_1"
"wheat",1995-02-26,"ble",229.17393,0.37935,0.06206,0.31897,0.7327,9.3,308,449,493,311,1.01382,9,0.26982,0.26982,269.82059,115.95899,16.98165,0,0,"plant_1"
"wheat",1995-02-27,"ble",231.06421,0.38495,0.06363,0.32338,0.87024,10.9,308,449,493,311,0.80711,9,0.2813,0.2813,281.30276,117.95355,17.97894,0,0,"plant_1"
"wheat",1995-02-28,"ble",232.43369,0.38933,0.06457,0.32664,0.33878,4.2,308,449,493,311,0.24541,9,0.28479,0.28479,284.79401,119.40041,18.70236,0,0,"plant_1"
"wheat",1995-03-01,"ble",236.49872,0.40535,0.06587,0.33716,0.68598,8.2,308,449,493,311,0.99589,9,0.29896,0.29896,298.96173,123.80717,20.90575,0,0,"plant_1"
"wheat",1995-03-02,"ble",240.18033,0.41625,0.07196,0.34737,0.70258,8.2,308,449,493,311,0.97819,9,0.31288,0.31288,312.87762,128.49957,23.25194,0,0,"plant_1"
"wheat",1995-03-03,"ble",242.76543,0.42596,0.07484,0.35485,0.92722,10.6,308,449,493,311,1.04422,9,0.32773,0.32773,327.73297,131.96925,24.98679,0,0,"plant_1"
"wheat",1995-03-04,"ble",244.85782,0.43435,0.07706,0.3611,0.5252,5.9,308,449,493,311,0.51366,9,0.33504,0.33504,335.04037,134.73959,26.37196,0,0,"plant_1"
"wheat",1995-03-05,"ble",246.46942,0.44028,0.07955,0.36603,0.34239,3.8,308,449,493,311,0.27267,9,0.33892,0.33892,338.91946,136.80632,27.40532,0,0,"plant_1"
"wheat",1995-03-06,"ble",248.38223,0.44773,0.08245,0.37205,0.90548,9.9,308,449,493,311,0.80331,9,0.35035,0.35035,350.34756,139.51038,28.75735,0,0,"plant_1"
"wheat",1995-03-07,"ble",250.75711,0.45881,0.08483,0.37982,0.90673,9.7,308,449,493,311,0.93895,9,0.36371,0.36371,363.70532,142.65598,30.33014,0,0,"plant_1"
"wheat",1995-03-08,"ble",252.72871,0.46264,0.09259,0.38645,0.74395,7.9,308,449,493,311,0.67002,9,0.37324,0.37324,373.23715,145.70255,31.85343,0,0,"plant_1"
"wheat",1995-03-09,"ble",255.21631,0.47334,0.09724,0.39514,1.34542,14,308,449,493,311,1.39688,9,0.39311,0.39311,393.1095,149.90512,33.95472,0,0,"plant_1"
"wheat",1995-03-10,"ble",257.45319,0.48455,0.10041,0.4032,1.43245,14.6,308,449,493,311,1.36333,9,0.4125,0.4125,412.50449,153.89424,35.94928,0,0,"plant_1"
"wheat",1995-03-11,"ble",260.90866,0.50623,0.10251,0.41636,1.56017,15.3,308,449,493,311,1.95358,9,0.4403,0.4403,440.29663,160.62819,39.31625,0,0,"plant_1"
"wheat",1995-03-12,"ble",265.72104,0.54162,0.10359,0.4361,0.59499,5.5,308,449,493,311,0.88282,9,0.45286,0.45286,452.85587,170.89877,44.45155,0,0,"plant_1"
"wheat",1995-03-13,"ble",270.55392,0.57993,0.10546,0.45729,1.68726,14.7,308,449,493,311,2.39706,9,0.48696,0.48696,486.95697,182.00771,50.00601,0,0,"plant_1"
"wheat",1995-03-14,"ble",275.00455,0.61682,0.10873,0.47788,0.53247,4.4,308,449,493,311,0.76929,9,0.4979,0.4979,497.90115,193.33688,55.6706,0,0,"plant_1"
"wheat",1995-03-15,"ble",276.60498,0.62904,0.11129,0.48531,0.886,7.2,308,449,493,311,0.63661,9,0.50696,0.50696,506.95776,197.42416,57.71424,0,0,"plant_1"
"wheat",1995-03-16,"ble",279.95499,0.65941,0.11365,0.5015,1.29354,10.1,308,449,493,311,1.56723,9,0.52925,0.52925,529.2536,206.63133,62.31783,0,0,"plant_1"
"wheat",1995-03-17,"ble",282.67825,0.68464,0.1162,0.51495,0.75345,5.7,308,449,493,311,0.81047,9,0.54078,0.54078,540.78351,214.51828,66.2613,0,0,"plant_1"
"wheat",1995-03-18,"ble",287.90308,0.7419,0.11708,0.54227,0.70662,5,308,449,493,311,1.05068,9,0.55573,0.55573,555.73071,231.13074,74.56753,0,0,"plant_1"
"wheat",1995-03-19,"ble",292.28293,0.79406,0.11708,0.56586,0.91149,6.1,308,449,493,311,1.26812,9,0.57377,0.57377,573.7713,246.0327,82.01851,0,0,"plant_1"
"wheat",1995-03-20,"ble",296.02701,0.84111,0.11708,0.5864,2.05085,13.1,308,449,493,311,2.51845,9,0.6096,0.6096,609.5993,259.47635,88.74033,0,0,"plant_1"
"wheat",1995-03-21,"ble",298.06628,0.86737,0.11708,0.59758,2.26247,14.1,308,449,493,311,1.7986,9,0.63519,0.63519,635.18658,266.87051,92.43742,0,0,"plant_1"
"wheat",1995-03-22,"ble",300.4278,0.8971,0.11864,0.61063,3.1151,18.9,308,449,493,311,2.6627,9,0.67307,0.67307,673.06683,275.29492,96.64963,0,0,"plant_1"
"wheat",1995-03-23,"ble",303.27966,0.93213,0.12274,0.62655,3.36353,19.8,308,449,493,311,3.24522,9,0.71923,0.71923,719.23419,285.39182,101.69807,0,0,"plant_1"
"wheat",1995-03-24,"ble",307.79922,0.99136,0.12916,0.65231,2.85159,16,308,449,493,311,3.65467,9,0.77123,0.77123,771.22638,303.58865,110.79649,0,0,"plant_1"
"wheat",1995-03-25,"ble",312.87524,1.05003,0.13897,0.67794,0.89402,4.8,308,449,493,311,2.54466,35,0.80633,0.80633,806.33038,322.94983,120.47707,0,0,"plant_1"
"wheat",1995-03-26,"ble",317.2608,1.11144,0.14253,0.70115,1.5553,8,308,449,493,311,4.09072,35,0.86453,0.86453,864.52606,341.43692,129.72063,0,0,"plant_1"
"wheat",1995-03-27,"ble",322.84445,1.17289,0.14387,0.7226,1.71977,8.5,308,449,493,311,4.94887,35,0.92636,0.92636,926.35828,359.36249,138.68341,0,0,"plant_1"
"wheat",1995-03-28,"ble",326.2616,1.22608,0.14411,0.74013,1.02402,4.9,308,449,493,311,2.34599,35,0.95973,0.95973,959.73291,374.62952,146.31693,0,0,"plant_1"
"wheat",1995-03-29,"ble",328.22635,1.25701,0.14411,0.74998,3.40439,16,308,449,493,311,4.90357,35,1.02949,1.02949,1029.49231,383.46466,150.7345,0,0,"plant_1"
"wheat",1995-03-30,"ble",331.04816,1.30198,0.14411,0.76392,4.01455,18.4,308,449,493,311,7.51525,35,1.13641,1.13641,1136.40601,396.31259,157.15846,0,0,"plant_1"
"wheat",1995-03-31,"ble",333.56448,1.34247,0.14411,0.77611,1.13704,5.1,308,449,493,311,2.05919,35,1.1657,1.1657,1165.70056,407.85843,162.93138,0,0,"plant_1"
"wheat",1995-04-01,"ble",337.09344,1.39977,0.14453,0.7929,1.17061,5.1,308,449,493,311,2.67412,35,1.20374,1.20374,1203.74316,424.08041,171.04237,0,0,"plant_1"
"wheat",1995-04-02,"ble",342.79013,1.48414,0.14892,0.81742,3.3683,14.1,308,449,493,311,9.21243,35,1.3348,1.3348,1334.80151,449.26123,183.63278,0,0,"plant_1"
"wheat",1995-04-03,"ble",350.43579,1.60897,0.15209,0.85021,4.88924,19.4,308,449,493,311,13.23683,35,1.51912,1.51912,1519.12256,485.49216,201.74825,0,0,"plant_1"
"wheat",1995-04-04,"ble",357.24857,1.66184,0.15799,0.86431,1.36392,5.3,308,449,493,311,2.20771,35,1.56293,1.56293,1562.92908,502.10397,210.05415,0,0,"plant_1"
"wheat",1995-04-05,"ble",363.4212,1.7609,0.16115,0.88749,4.43127,16.6,308,449,493,311,6.37976,35,1.73367,1.73367,1733.67188,531.18079,224.59256,0,0,"plant_1"
"wheat",1995-04-06,"ble",369.4024,1.81873,0.16301,0.90028,1.47059,5.4,308,449,493,311,2.24044,35,1.78193,1.78193,1781.93396,547.89105,232.94771,0,0,"plant_1"
"wheat",1995-04-07,"ble",374.9191,1.91885,0.16905,0.92174,3.06617,10.9,308,449,493,311,4.21876,35,1.89947,1.89947,1899.47156,577.87518,247.93976,0,0,"plant_1"
"wheat",1995-04-08,"ble",382.61374,2.03332,0.17511,0.94426,6.25691,21.5,308,449,493,311,8.01761,35,2.11129,2.11129,2111.28589,612.17883,265.09158,0,0,"plant_1"
"wheat",1995-04-09,"ble",387.31683,2.06964,0.17749,0.95109,6.49713,22.1,308,449,493,311,7.58989,35,2.26621,2.26621,2266.20728,622.03717,270.02075,0,0,"plant_1"
"wheat",1995-04-10,"ble",390.51395,2.08409,0.18947,0.95565,4.66343,15.8,308,449,493,311,4.51395,35,2.36124,2.36124,2361.2439,629.27112,273.63773,0,0,"plant_1"
"wheat",1995-04-11,"ble",394.73944,2.1174,0.19499,0.96221,6.1349,20.6,308,449,493,311,6.50932,35,2.51888,2.51888,2518.87646,638.46008,278.23221,0,0,"plant_1"
"wheat",1995-04-12,"ble",400.35394,2.14912,0.21053,0.96994,5.61561,18.7,308,449,493,311,6.51346,35,2.66463,2.66463,2664.62695,651.23889,284.62161,0,0,"plant_1"
"wheat",1995-04-13,"ble",406.36685,2.18761,0.22321,0.97804,2.54745,8.4,308,449,493,311,3.14081,35,2.73537,2.73537,2735.37378,663.40076,290.70255,0,0,"plant_1"
"wheat",1995-04-14,"ble",411.42822,2.23154,0.24249,0.98764,3.86298,12.6,308,449,493,311,4.30431,35,2.85362,2.85362,2853.61914,679.42731,298.71582,0,0,"plant_1"
"wheat",1995-04-15,"ble",416.71661,2.26326,0.25638,0.99432,2.34792,7.6,308,449,493,311,2.74325,35,2.92196,2.92196,2921.96411,690.68866,304.3465,0,0,"plant_1"
"wheat",1995-04-16,"ble",421.0257,2.29548,0.27748,1.00185,3.20625,10.3,308,449,493,311,3.26565,35,3.01335,3.01335,3013.3457,703.68201,310.84317,0,0,"plant_1"
"wheat",1995-04-17,"ble",424.9534,2.31429,0.29272,1.00652,1.84458,5.9,308,449,493,311,1.8558,35,3.05994,3.05994,3059.93774,712.38641,315.19537,0,0,"plant_1"
"wheat",1995-04-18,"ble",429.92627,2.3589,0.31067,1.01481,1.89482,6,308,449,493,311,2.07508,35,3.11908,3.11908,3119.08057,730.14349,324.07391,0,0,"plant_1"
"wheat",1995-04-19,"ble",436.22549,2.49034,0.31274,1.03133,3.3771,10.4,308,449,493,311,3.69848,35,3.24958,3.24958,3249.58374,768.15259,343.07846,0,0,"plant_1"
"wheat",1995-04-20,"ble",440.60168,2.58083,0.3151,1.04195,6.28004,19,308,449,493,311,5.31518,35,3.44194,3.44194,3441.93945,794.49829,356.25131,0,0,"plant_1"
"wheat",1995-04-21,"ble",443.54871,2.62759,0.3183,1.04738,2.50071,7.5,308,449,493,311,1.78863,35,3.50115,3.50115,3501.14502,808.61725,363.31079,0,0,"plant_1"
"wheat",1995-04-22,"ble",446.60208,2.68944,0.32101,1.05412,4.88883,14.5,308,449,493,311,3.23103,35,3.62071,3.62071,3620.70996,826.73553,372.36993,0,0,"plant_1"
"wheat",1995-04-23,"ble",452.94354,2.81819,0.32675,1.06723,2.34308,6.8,308,449,493,311,2.45646,35,3.71262,3.71262,3712.61963,865.00537,391.50485,0,0,"plant_1"
"wheat",1995-04-24,"ble",457.89377,2.92048,0.32948,1.07664,2.17078,6.2,308,449,493,311,2.02713,35,3.78915,3.78915,3789.1499,894.8114,406.40787,0,0,"plant_1"
"wheat",1995-04-25,"ble",462.96829,3.02465,0.33297,1.0856,2.23964,6.3,308,449,493,311,2.08973,35,3.86877,3.86877,3868.7688,925.28802,421.64618,0,0,"plant_1"
"wheat",1995-04-26,"ble",469.10455,3.14998,0.33793,1.09557,2.35042,6.5,308,449,493,311,2.35286,35,3.95933,3.95933,3959.33008,962.25659,440.13046,0,0,"plant_1"
"wheat",1995-04-27,"ble",476.5748,3.30433,0.34245,1.10656,2.35913,6.4,308,449,493,311,2.45156,35,4.05468,4.05468,4054.68311,1007.50317,462.75375,0,0,"plant_1"
"wheat",1995-04-28,"ble",482.52185,3.42822,0.34495,1.11447,2.39272,6.4,308,449,493,311,2.30554,35,4.14523,4.14523,4145.2334,1043.08154,480.54294,0,0,"plant_1"
"wheat",1995-04-29,"ble",488.74133,3.55094,0.35429,1.12202,2.49976,6.6,308,449,493,311,2.4157,35,4.24107,4.24107,4241.06836,1080.38953,499.19693,0,0,"plant_1"
"wheat",1995-04-30,"ble",495.74332,3.69206,0.36176,1.12973,2.84171,7.4,308,449,493,311,2.79177,35,4.3531,4.3531,4353.10059,1122.10315,520.05377,0,0,"plant_1"
"wheat",1995-05-01,"ble",503.7749,3.84948,0.37468,1.13762,5.53038,14.2,308,449,493,311,5.12702,35,4.56316,4.56316,4563.15674,1170.53418,544.26929,0,0,"plant_1"
"wheat",1995-05-02,"ble",511.54669,4.00996,0.37881,1.14441,10.21997,25.9,308,449,493,311,8.22822,35,4.91136,4.91136,4911.35596,1217.09644,567.55042,0,0,"plant_1"
"wheat",1995-05-03,"ble",521.93567,4.22167,0.38702,1.15234,11.06102,27.6,308,449,493,311,8.47684,35,5.28174,5.28174,5281.7373,1278.83289,598.41864,0,0,"plant_1"
"wheat",1995-05-04,"ble",532.80078,4.42012,0.4063,1.15908,10.83965,26.7,308,449,493,311,8.1158,35,5.63751,5.63751,5637.50928,1340.71851,629.36145,0,0,"plant_1"
"wheat",1995-05-05,"ble",545.25482,4.66426,0.41191,1.16564,10.82843,26.3,308,449,493,311,7.87662,35,5.99253,5.99253,5992.53271,1411.67908,664.84174,0,0,"plant_1"
"wheat",1995-05-06,"ble",558.62488,4.88347,0.41885,1.17067,10.74115,25.8,308,449,493,311,7.53573,35,6.31622,6.31622,6316.22021,1475.00317,696.50378,0,0,"plant_1"
"wheat",1995-05-07,"ble",571.64612,5.07991,0.44141,1.17484,10.79491,25.7,308,449,493,311,7.4455,35,6.64281,6.64281,6642.81104,1537.16492,727.58466,0,0,"plant_1"
"wheat",1995-05-08,"ble",583.72327,5.07991,0.44858,1.17484,11.54742,27.5,308,449,493,311,7.71782,55,6.98278,6.98278,6982.78271,1536.86084,727.58466,0,0,"plant_1"
"wheat",1995-05-09,"ble",594.91168,5.07991,0.4539,1.17484,8.85799,21.1,308,449,493,311,6.22114,55,7.25232,7.25232,7252.31738,1534.90002,727.58466,0,0,"plant_1"
"wheat",1995-05-10,"ble",603.13751,5.07991,0.48821,1.17484,7.33571,17.5,308,449,493,311,5.25491,55,7.49988,7.49988,7499.87939,1534.18079,727.58466,0,0,"plant_1"
"wheat",1995-05-11,"ble",612.24805,5.07991,0.5008,1.17484,6.53564,15.6,308,449,493,311,4.69907,55,7.74283,7.74283,7742.83154,1533.09363,727.58466,0,0,"plant_1"
"wheat",1995-05-12,"ble",621.04401,5.07991,0.51983,1.17484,2.88832,6.9,308,449,493,311,2.22812,55,7.85879,7.85879,7858.78613,1532.50195,727.58466,0,0,"plant_1"
"wheat",1995-05-13,"ble",628.79352,5.07991,0.53018,1.17484,3.72379,8.9,308,449,493,311,2.7658,55,8.00389,8.00389,8003.88623,1531.07031,727.58466,0,0,"plant_1"
"wheat",1995-05-14,"ble",633.58362,5.07991,0.55524,1.17484,7.39734,17.7,308,449,493,311,4.03468,55,8.21803,8.21803,8218.02734,1530.19348,727.58466,0,0,"plant_1"
"wheat",1995-05-15,"ble",638.6178,5.07991,0.57058,1.17484,8.06037,19.3,308,449,493,311,4.3965,55,8.4543,8.4543,8454.2998,1529.37158,727.58466,0,0,"plant_1"
"wheat",1995-05-16,"ble",645.22717,5.07991,0.58496,1.17484,4.2988,10.3,308,449,493,311,2.89435,55,8.61111,8.61111,8611.1084,1525.92932,727.58466,0,0,"plant_1"
"wheat",1995-05-17,"ble",653.31476,5.07991,0.6452,1.17484,5.07736,12.2,308,449,493,311,3.53034,55,8.80425,8.80425,8804.25,1523.63318,727.58466,0,0,"plant_1"
"wheat",1995-05-18,"ble",662.63257,5.07991,0.68538,1.17484,5.69056,13.7,308,449,493,311,3.89657,55,9.01971,9.01971,9019.70703,1520.06836,727.58466,0,0,"plant_1"
"wheat",1995-05-19,"ble",669.63397,5.07991,0.74033,1.17484,9.90028,23.9,308,449,493,311,5.77378,55,9.34396,9.34396,9343.96191,1518.19788,727.58466,0,0,"plant_1"
"wheat",1995-05-20,"ble",676.14148,5.07991,0.77306,1.17484,7.94013,19.2,308,449,493,311,4.66583,55,9.60289,9.60289,9602.89062,1516.61035,727.58466,0,0,"plant_1"
"wheat",1995-05-21,"ble",683.16669,5.07991,0.80084,1.17484,9.29148,22.5,308,449,493,311,5.3457,55,9.91099,9.91099,9910.99023,1508.97534,727.58466,0,0,"plant_1"
"wheat",1995-05-22,"ble",691.00726,5.07991,0.91114,1.17484,9.97549,24.3,308,449,493,311,5.79823,55,10.22744,10.22744,10227.44434,1506.28662,727.58466,0,0,"plant_1"
"wheat",1995-05-23,"ble",700.05139,5.07991,0.95819,1.17484,10.56332,25.8,308,449,493,311,6.04574,55,10.5395,10.5395,10539.5,1502.99829,727.58466,0,0,"plant_1"
"wheat",1995-05-24,"ble",711.32874,5.07991,1.01574,1.17484,2.97892,7.3,308,449,493,311,2.0076,55,10.63874,10.63874,10638.74316,1500.76221,727.58466,0,0,"plant_1"
"wheat",1995-05-25,"ble",723.53613,5.07991,1.05487,1.17484,3.62341,8.9,308,449,493,311,2.39579,55,10.78204,10.78204,10782.03809,1497.01086,727.58466,0,0,"plant_1"
"wheat",1995-05-26,"ble",734.05579,5.07991,1.12052,1.17484,10.98888,27.1,308,449,493,311,6.07245,55,11.15065,11.15065,11150.64941,1489.38513,727.58466,0,0,"plant_1"
"wheat",1995-05-27,"ble",744.30103,5.07991,1.25397,1.17484,8.60299,21.4,308,449,493,311,4.98488,55,11.37924,11.37924,11379.24414,1485.79724,727.58466,0,0,"plant_1"
"wheat",1995-05-28,"ble",755.63953,5.07991,1.31676,1.17484,3.40244,8.5,308,449,493,311,2.19793,55,11.48575,11.48575,11485.75,1482.74377,727.58466,0,0,"plant_1"
"wheat",1995-05-29,"ble",768.14099,5.07991,1.37019,1.17484,6.50009,16.3,308,449,493,311,3.89624,71,11.72757,11.72757,11727.56934,1480.97668,727.58466,0,0,"plant_1"
"wheat",1995-05-30,"ble",783.29102,5.07991,1.40112,1.17484,4.61549,11.6,308,449,493,311,1.03561,71,11.86653,11.61259,11866.5332,1478.4071,727.58466,0,0,"plant_1"
"wheat",1995-05-31,"ble",797.44104,5.07991,1.44608,1.17484,7.37612,18.6,308,449,493,311,2.48728,71,12.13568,11.74612,12135.67676,1472.7948,727.58466,0,0,"plant_1"
"wheat",1995-06-01,"ble",810.54102,5.07991,1.5443,1.17484,3.62088,9.2,308,449,493,311,0.77284,71,12.25031,11.726,12250.31055,1467.72241,727.58466,0,0,"plant_1"
"wheat",1995-06-02,"ble",823.39099,5.07991,1.63307,1.17484,7.50222,19.2,308,449,493,311,2.38237,71,12.52328,11.85329,12523.28418,1460.40869,727.58466,0,0,"plant_1"
"wheat",1995-06-03,"ble",838.091,5.07991,1.76106,1.17484,2.93685,7.6,308,449,493,311,0.71194,71,12.61125,11.80161,12611.25098,1457.05029,727.58466,0,0,"plant_1"
"wheat",1995-06-04,"ble",851.44098,5.07991,1.81983,1.17484,4.26632,11.1,308,449,493,311,0.68691,71,12.77774,11.82068,12777.73535,1451.20947,727.58466,0,0,"plant_1"
"wheat",1995-06-05,"ble",865.591,5.07991,1.92204,1.17484,4.03432,10.6,308,449,493,311,0.51877,71,12.93593,11.82861,12935.92969,1441.73218,727.58466,0,0,"plant_1"
"wheat",1995-06-06,"ble",878.74103,5.07991,2.08789,1.17484,4.41411,11.8,308,449,493,311,0.66366,71,13.10765,11.84538,13107.64844,1434.84424,727.58466,0,0,"plant_1"
"wheat",1995-06-07,"ble",891.74103,5.07991,2.20843,1.17484,3.09949,8.4,308,449,493,311,0.3236,71,13.23155,11.81577,13231.54688,1432.63269,727.58466,0,0,"plant_1"
"wheat",1995-06-08,"ble",906.69104,5.07991,2.24714,1.17484,7.38247,20.1,308,449,493,311,1.90331,71,13.50088,11.91183,13500.88379,1431.1228,727.58466,0,0,"plant_1"
"wheat",1995-06-09,"ble",920.19104,5.07991,2.27356,1.17484,9.48218,25.9,308,449,493,311,3.3596,71,13.74384,11.97914,13743.84473,1428.90381,727.58466,0,0,"plant_1"
"wheat",1995-06-10,"ble",932.39008,5.07991,2.31239,1.17484,4.0078,11,308,449,493,311,1.11362,71,13.84554,11.91962,13845.53906,1423.2793,727.58466,0,0,"plant_1"
"wheat",1995-06-11,"ble",944.19006,5.07991,2.41082,1.17484,3.77707,10.5,308,449,493,311,0.6546,71,13.97283,11.8797,13972.8252,1419.66772,727.58466,0,0,"plant_1"
"wheat",1995-06-12,"ble",955.39008,5.07991,2.47402,1.17484,4.74318,13.3,308,449,493,311,0.6427,71,14.14107,11.87143,14141.07129,1414.0144,727.58466,0,0,"plant_1"
"wheat",1995-06-13,"ble",969.14008,5.07991,2.57296,1.17484,3.19948,9.1,308,449,493,311,0.63988,71,14.24362,11.80511,14243.61914,1412.06848,727.58466,0,0,"plant_1"
"wheat",1995-06-14,"ble",980.7901,5.07991,2.60701,1.17484,3.00827,8.6,308,449,493,311,0.52523,71,14.34639,11.73678,14346.39062,1400.86462,727.58466,0,0,"plant_1"
"wheat",1995-06-15,"ble",992.19012,5.07991,2.80308,1.17484,3.96466,11.7,308,449,493,311,0.6431,71,14.48151,11.69237,14481.50684,1395.55884,727.58466,0,0,"plant_1"
"wheat",1995-06-16,"ble",1004.09015,5.07991,2.89593,1.17484,5.99927,18,308,449,493,311,1.26711,71,14.65077,11.67227,14650.77441,1392.70398,727.58466,0,0,"plant_1"
"wheat",1995-06-17,"ble",1019.79016,5.07991,2.94589,1.17484,2.57548,7.8,308,449,493,311,0.74013,71,14.71625,11.56697,14716.24609,1381.32983,727.58466,0,0,"plant_1"
"wheat",1995-06-18,"ble",1034.14014,5.07991,3.14494,1.17484,2.47278,7.8,308,449,493,311,0.34122,71,14.80892,11.48136,14808.9209,1375.32849,727.58466,0,0,"plant_1"
"wheat",1995-06-19,"ble",1050.69019,5.07991,3.24996,1.17484,9.81213,31.7,308,449,493,311,2.03147,71,15.14747,11.58176,15147.4707,1361.73132,727.58466,0,0,"plant_1"
"wheat",1995-06-20,"ble",1069.10059,5.07991,3.48791,1.17484,5.20936,17.9,308,449,493,311,1.52583,71,15.2613,11.50549,15261.29492,1352.65332,727.58466,0,0,"plant_1"
"wheat",1995-06-21,"ble",1090.35059,5.07991,3.64677,1.17484,6.68502,24.1,308,449,493,311,1.53898,71,15.42231,11.46186,15422.30957,1337.88391,727.58466,0,0,"plant_1"
"wheat",1995-06-22,"ble",1110.16333,5.07991,3.90524,1.17484,5.91427,23.4,308,449,493,311,1.48531,71,15.56357,11.40031,15563.57031,1319.66016,727.58466,0,0,"plant_1"
"wheat",1995-06-23,"ble",1124.37878,5.07991,4.22415,1.17484,4.11281,18.9,308,449,493,311,1.06419,71,15.669,11.30988,15668.99609,1310.25391,727.58466,0,0,"plant_1"
"wheat",1995-06-24,"ble",1138.52368,5.07991,4.38877,1.17484,3.68686,18.7,308,449,493,311,0.87246,71,15.77156,11.21515,15771.55664,1285.24512,727.58466,0,0,"plant_1"
"wheat",1995-06-25,"ble",1154.50439,5.07991,4.82642,1.17484,2.69021,20.1,308,449,493,311,0.62355,71,15.84998,11.10133,15849.98242,1258.0509,727.58466,0,0,"plant_1"
"wheat",1995-06-26,"ble",1172.00439,5.07991,5.30232,1.17484,1.39994,29.6,308,449,493,311,0.16855,71,15.90543,10.96998,15905.43457,1245.53662,727.58466,0,0,"plant_1"
"wheat",1995-06-27,"ble",1192.53674,5.07991,5.52132,1.17484,0,28.9,308,449,493,311,0.01,85,15.90543,10.79979,15905.43457,1245.53674,727.58472,0,0,"plant_1"
"wheat",1995-06-28,"ble",1216.47046,5.07991,5.52132,1.17484,0,29.4,308,449,493,311,0.01,85,15.90543,10.6296,15905.43457,1245.53674,727.58472,0,0,"plant_1"
"wheat",1995-06-29,"ble",1242.45642,5.07991,5.52132,1.17484,0,32.1,308,449,493,311,0.01,85,15.90543,10.45941,15905.43457,1245.53674,727.58472,0,0,"plant_1"
"wheat",1995-06-30,"ble",1268.09351,5.07991,5.52132,1.17484,0,31.8,308,449,493,311,0.01,85,15.90543,10.28923,15905.43457,1245.53674,727.58472,0,0,"plant_1"
"wheat",1995-07-01,"ble",1293.50122,5.07991,5.52132,1.17484,0,18.9,308,449,493,311,0.01,85,15.90543,10.11904,15905.43457,1245.53674,727.58472,0,0,"plant_1"
"wheat",1995-07-02,"ble",1318.24939,5.07991,5.52132,1.17484,0,11.8,308,449,493,311,0.01,85,15.90543,9.94885,15905.43457,1245.53674,727.58472,0,0,"plant_1"
"wheat",1995-07-03,"ble",1339.09937,5.07991,5.52132,1.17484,0,8,308,449,493,311,0.01,85,15.90543,9.77866,15905.43457,1245.53674,727.58472,0,0,"plant_1"
"wheat",1995-07-04,"ble",1355.49939,5.07991,5.52132,1.17484,0,20,308,449,493,311,0.01,85,15.90543,9.60847,15905.43457,1245.53674,727.58472,0,0,"plant_1"
"wheat",1995-07-05,"ble",1371.01294,5.07991,5.52132,1.17484,0,16,308,449,493,311,0.01,85,15.90543,9.43828,15905.43457,1245.53674,727.58472,0,0,"plant_1"
"wheat",1995-07-06,"ble",1386.90381,5.07991,5.52132,1.17484,0,22.1,308,449,493,311,0.01,85,15.90543,9.2681,15905.43457,1245.53674,727.58472,0,0,"plant_1"
"wheat",1995-07-07,"ble",1405.50208,5.07991,5.52132,1.17484,0,31.1,308,449,493,311,0.01,85,15.90543,9.09791,15905.43457,1245.53674,727.58472,0,0,"plant_1"
"wheat",1995-07-08,"ble",1427.59094,5.07991,5.52132,1.17484,0,25.9,308,449,493,311,0.01,85,15.90543,8.92772,15905.43457,1245.53674,727.58472,0,0,"plant_1"
"wheat",1995-07-09,"ble",1451.01636,5.07991,5.52132,1.17484,0,28.2,308,449,493,311,0.01,85,15.90543,8.75753,15905.43457,1245.53674,727.58472,0,0,"plant_1"
"wheat",1995-07-10,"ble",1478.48022,5.07991,5.52132,1.17484,0,25.7,308,449,493,311,0.01,89,15.90543,8.75753,15905.43457,1245.53674,727.58472,0,0,"plant_1"
"wheat",1995-07-11,"ble",1504.84302,5.07991,5.52132,1.17484,0,13.1,308,449,493,311,0.01,89,15.90543,8.75753,15905.43457,1245.53674,727.58472,0,0,"plant_1"
"wheat",1995-07-12,"ble",1527.89307,5.07991,5.52132,1.17484,0,25.2,308,449,493,311,0.01,89,15.90543,8.75753,15905.43457,1245.53674,727.58472,0,0,"plant_1"
"wheat",1995-07-13,"ble",1551.6814,5.07991,5.52132,1.17484,0,21.3,308,449,493,311,0.01,89,15.90543,8.75753,15905.43457,1245.53674,727.58472,0,0,"plant_1"
"wheat",1995-07-14,"ble",1577.09216,5.07991,5.52132,1.17484,0,17.5,308,449,493,311,0.01,89,15.90543,8.75753,15905.43457,1245.53674,727.58472,0,0,"plant_1"
"wheat",1995-07-15,"ble",1598.63391,5.07991,5.52132,1.17484,0,12.8,308,449,493,311,0.01,89,15.90543,8.75753,15905.43457,1245.53674,727.58472,0,0,"plant_1"
"wheat",1995-07-16,"ble",1617.98389,5.07991,5.52132,1.17484,0,12.2,308,449,493,311,0.01,89,15.90543,8.75753,15905.43457,1245.53674,727.58472,0,0,"plant_1"
"wheat",1995-07-17,"ble",1636.98389,5.07991,5.52132,1.17484,0,9.7,308,449,493,311,0.01,89,15.90543,8.75753,15905.43457,1245.53674,727.58472,0,0,"plant_1"
"wheat",1995-07-18,"ble",1656.93384,5.07991,5.52132,1.17484,0,26.9,308,449,493,311,0.01,89,15.90543,8.75753,15905.43457,1245.53674,727.58472,0,0,"plant_1"
"wheat",1995-07-19,"ble",1680.35498,5.07991,5.52132,1.17484,0,20.9,308,449,493,311,0.01,89,15.90543,8.75753,15905.43457,1245.53674,727.58472,0,0,"plant_1"
"wheat",1995-07-20,"ble",1704.02124,5.07991,5.52132,1.17484,0,30,308,449,493,311,0.01,89,15.90543,8.75753,15905.43457,1245.53674,727.58472,0,0,"plant_1"
"wheat",1995-07-21,"ble",1732.02124,5.07991,5.52132,1.17484,0,25,308,449,493,311,0.01,89,15.90543,8.75753,15905.43457,1245.53674,727.58472,0,0,"plant_1"
"wheat",1995-07-22,"ble",1760.02124,5.07991,5.52132,1.17484,0,15.5,308,449,493,311,0.01,89,15.90543,8.75753,15905.43457,1245.53674,727.58472,0,0,"plant_1"
"wheat",1995-07-23,"ble",1779.65247,5.07991,5.52132,1.17484,0,30.1,308,449,493,311,0.01,89,15.90543,8.75753,15905.43457,1245.53674,727.58472,0,0,"plant_1"
"wheat",1995-07-24,"ble",1798.76868,5.07991,5.52132,1.17484,0,30.1,308,449,493,311,0.01,89,15.90543,8.75753,15905.43457,1245.53674,727.58472,0,0,"plant_1"
"wheat",1995-07-25,"ble",1820.2179,5.07991,5.52132,1.17484,0,29.9,308,449,493,311,0.01,89,15.90543,8.75753,15905.43457,1245.53674,727.58472,0,0,"plant_1"
"wheat",1995-07-26,"ble",1845.44775,5.07991,5.52132,1.17484,0,16.8,308,449,493,311,0.01,89,15.90543,8.75753,15905.43457,1245.53674,727.58472,0,0,"plant_1"
"wheat",1995-07-27,"ble",1870.71533,5.07991,5.52132,1.17484,0,9.4,308,449,493,311,0.01,89,15.90543,8.75753,15905.43457,1245.53674,727.58472,0,0,"plant_1"
"wheat",1995-07-28,"ble",1889.97888,5.07991,5.52132,0,0,12.1,308,449,493,311,0.01,99,15.90543,8.75753,15905.43457,1245.53674,727.58472,0,0,"plant_1"
"wheat",1995-07-29,"ble",1889.97888,5.07991,0,0,0,19,308,449,493,311,0.01,-1,15.90543,8.75753,15905.43457,1245.53674,727.58472,0,0,"plant_1"
"wheat",1995-07-30,"ble",1889.97888,5.07991,0,0,0,26.7,308,449,493,311,0.01,-1,15.90543,8.75753,15905.43457,1245.53674,727.58472,0,0,"plant_1"
"wheat",1995-07-31,"ble",1889.97888,5.07991,0,0,0,24.4,308,449,493,311,0.01,-1,15.90543,8.75753,15905.43457,1245.53674,727.58472,0,0,"plant_1"
"wheat",1995-08-01,"ble",1889.97888,5.07991,0,0,0,27.1,308,449,493,311,0.01,-1,15.90543,8.75753,15905.43457,1245.53674,727.58472,0,0,"plant_1"
"wheat",1995-08-02,"ble",1889.97888,5.07991,0,0,0,26.4,308,449,493,311,0.01,-1,15.90543,8.75753,15905.43457,1245.53674,727.58472,0,0,"plant_1"
"wheat",1995-08-03,"ble",1889.97888,5.07991,0,0,0,27.8,308,449,493,311,0.01,-1,15.90543,8.75753,15905.43457,1245.53674,727.58472,0,0,"plant_1"
"wheat",1995-08-04,"ble",1889.97888,5.07991,0,0,0,27.8,308,449,493,311,0.01,-1,15.90543,8.75753,15905.43457,1245.53674,727.58472,0,0,"plant_1"
"wheat",1995-08-05,"ble",1889.97888,5.07991,0,0,0,24.6,308,449,493,311,0.01,-1,15.90543,8.75753,15905.43457,1245.53674,727.58472,0,0,"plant_1"
"wheat",1995-08-06,"ble",1889.97888,5.07991,0,0,0,15,308,449,493,311,0.01,-1,15.90543,8.75753,15905.43457,1245.53674,727.58472,0,0,"plant_1"
"wheat",1995-08-07,"ble",1889.97888,5.07991,0,0,0,6.7,308,449,493,311,0.01,-1,15.90543,8.75753,15905.43457,1245.53674,727.58472,0,0,"plant_1"
"wheat",1995-08-08,"ble",1889.97888,5.07991,0,0,0,7.9,308,449,493,311,0.01,-1,15.90543,8.75753,15905.43457,1245.53674,727.58472,0,0,"plant_1"
"wheat",1995-08-09,"ble",1889.97888,5.07991,0,0,0,24.9,308,449,493,311,0.01,-1,15.90543,8.75753,15905.43457,1245.53674,727.58472,0,0,"plant_1"
"wheat",1995-08-10,"ble",1889.97888,5.07991,0,0,0,22.2,308,449,493,311,0.01,-1,15.90543,8.75753,15905.43457,1245.53674,727.58472,0,0,"plant_1"
"wheat",1995-08-11,"ble",1889.97888,5.07991,0,0,0,25,308,449,493,311,0.01,-1,15.90543,8.75753,15905.43457,1245.53674,727.58472,0,0,"plant_1"
"wheat",1995-08-12,"ble",1889.97888,5.07991,0,0,0,22.5,308,449,493,311,0.01,-1,15.90543,8.75753,15905.43457,1245.53674,727.58472,0,0,"plant_1"
"wheat",1995-08-13,"ble",1889.97888,5.07991,0,0,0,11.7,308,449,493,311,0.01,-1,15.90543,8.75753,15905.43457,1245.53674,727.58472,0,0,"plant_1"
"wheat",1995-08-14,"ble",1889.97888,5.07991,0,0,0,15.7,308,449,493,311,0.01,-1,15.90543,8.75753,15905.43457,1245.53674,727.58472,0,0,"plant_1"
"wheat",1995-08-15,"ble",1889.97888,5.07991,0,0,0,26,308,449,493,311,0.01,-1,15.90543,8.75753,15905.43457,1245.53674,727.58472,0,0,"plant_1"
"wheat",1995-08-16,"ble",1889.97888,5.07991,0,0,0,25.6,308,449,493,311,0.01,-1,15.90543,8.75753,15905.43457,1245.53674,727.58472,0,0,"plant_1"
"wheat",1995-08-17,"ble",1889.97888,5.07991,0,0,0,24.8,308,449,493,311,0.01,-1,15.90543,8.75753,15905.43457,1245.53674,727.58472,0,0,"plant_1"
"wheat",1995-08-18,"ble",1889.97888,5.07991,0,0,0,25,308,449,493,311,0.01,-1,15.90543,8.75753,15905.43457,1245.53674,727.58472,0,0,"plant_1"
"wheat",1995-08-19,"ble",1889.97888,5.07991,0,0,0,24.9,308,449,493,311,0.01,-1,15.90543,8.75753,15905.43457,1245.53674,727.58472,0,0,"plant_1"
"wheat",1995-08-20,"ble",1889.97888,5.07991,0,0,0,17.3,308,449,493,311,0.01,-1,15.90543,8.75753,15905.43457,1245.53674,727.58472,0,0,"plant_1"
"wheat",1995-08-21,"ble",1889.97888,5.07991,0,0,0,22.9,308,449,493,311,0.01,-1,15.90543,8.75753,15905.43457,1245.53674,727.58472,0,0,"plant_1"
"wheat",1995-08-22,"ble",1889.97888,5.07991,0,0,0,21,308,449,493,311,0.01,-1,15.90543,8.75753,15905.43457,1245.53674,727.58472,0,0,"plant_1"
"wheat",1995-08-23,"ble",1889.97888,5.07991,0,0,0,12.9,308,449,493,311,0.01,-1,15.90543,8.75753,15905.43457,1245.53674,727.58472,0,0,"plant_1"
"wheat",1995-08-24,"ble",1889.97888,5.07991,0,0,0,16.8,308,449,493,311,0.01,-1,15.90543,8.75753,15905.43457,1245.53674,727.58472,0,0,"plant_1"
"wheat",1995-08-25,"ble",1889.97888,5.07991,0,0,0,9.8,308,449,493,311,0.01,-1,15.90543,8.75753,15905.43457,1245.53674,727.58472,0,0,"plant_1"
"wheat",1995-08-26,"ble",1889.97888,5.07991,0,0,0,13.5,308,449,493,311,0.01,-1,15.90543,8.75753,15905.43457,1245.53674,727.58472,0,0,"plant_1"
"wheat",1995-08-27,"ble",1889.97888,5.07991,0,0,0,11.4,308,449,493,311,0.01,-1,15.90543,8.75753,15905.43457,1245.53674,727.58472,0,0,"plant_1"
"wheat",1995-08-28,"ble",1889.97888,5.07991,0,0,0,16.3,308,449,493,311,0.01,-1,15.90543,8.75753,15905.43457,1245.53674,727.58472,0,0,"plant_1"
"wheat",1995-08-29,"ble",1889.97888,5.07991,0,0,0,7.9,308,449,493,311,0.01,-1,15.90543,8.75753,15905.43457,1245.53674,727.58472,0,0,"plant_1"
"wheat",1995-08-30,"ble",1889.97888,5.07991,0,0,0,12.5,308,449,493,311,0.01,-1,15.90543,8.75753,15905.43457,1245.53674,727.58472,0,0,"plant_1"
"wheat",1995-08-31,"ble",1889.97888,5.07991,0,0,0,8.5,308,449,493,311,0.01,-1,15.90543,8.75753,15905.43457,1245.53674,727.58472,0,0,"plant_1"
"wheat",1995-09-01,"ble",1889.97888,5.07991,0,0,0,18.4,308,449,493,311,0.01,-1,15.90543,8.75753,15905.43457,1245.53674,727.58472,0,0,"plant_1"
"wheat",1995-09-02,"ble",1889.97888,5.07991,0,0,0,6.1,308,449,493,311,0.01,-1,15.90543,8.75753,15905.43457,1245.53674,727.58472,0,0,"plant_1"
"wheat",1995-09-03,"ble",1889.97888,5.07991,0,0,0,11.8,308,449,493,311,0.01,-1,15.90543,8.75753,15905.43457,1245.53674,727.58472,0,0,"plant_1"
"wheat",1995-09-04,"ble",1889.97888,5.07991,0,0,0,10,308,449,493,311,0.01,-1,15.90543,8.75753,15905.43457,1245.53674,727.58472,0,0,"plant_1"
"wheat",1995-09-05,"ble",1889.97888,5.07991,0,0,0,9.6,308,449,493,311,0.01,-1,15.90543,8.75753,15905.43457,1245.53674,727.58472,0,0,"plant_1"
"wheat",1995-09-06,"ble",1889.97888,5.07991,0,0,0,16.7,308,449,493,311,0.01,-1,15.90543,8.75753,15905.43457,1245.53674,727.58472,0,0,"plant_1"
"wheat",1995-09-07,"ble",1889.97888,5.07991,0,0,0,5.5,308,449,493,311,0.01,-1,15.90543,8.75753,15905.43457,1245.53674,727.58472,0,0,"plant_1"
"wheat",1995-09-08,"ble",1889.97888,5.07991,0,0,0,9.4,308,449,493,311,0.01,-1,15.90543,8.75753,15905.43457,1245.53674,727.58472,0,0,"plant_1"
"wheat",1995-09-09,"ble",1889.97888,5.07991,0,0,0,15.2,308,449,493,311,0.01,-1,15.90543,8.75753,15905.43457,1245.53674,727.58472,0,0,"plant_1"
"wheat",1995-09-10,"ble",1889.97888,5.07991,0,0,0,5.2,308,449,493,311,0.01,-1,15.90543,8.75753,15905.43457,1245.53674,727.58472,0,0,"plant_1"
"wheat",1995-09-11,"ble",1889.97888,5.07991,0,0,0,13.6,308,449,493,311,0.01,-1,15.90543,8.75753,15905.43457,1245.53674,727.58472,0,0,"plant_1"
"wheat",1995-09-12,"ble",1889.97888,5.07991,0,0,0,6.3,308,449,493,311,0.01,-1,15.90543,8.75753,15905.43457,1245.53674,727.58472,0,0,"plant_1"
"wheat",1995-09-13,"ble",1889.97888,5.07991,0,0,0,16.2,308,449,493,311,0.01,-1,15.90543,8.75753,15905.43457,1245.53674,727.58472,0,0,"plant_1"
"wheat",1995-09-14,"ble",1889.97888,5.07991,0,0,0,7.8,308,449,493,311,0.01,-1,15.90543,8.75753,15905.43457,1245.53674,727.58472,0,0,"plant_1"
"wheat",1995-09-15,"ble",1889.97888,5.07991,0,0,0,7.7,308,449,493,311,0.01,-1,15.90543,8.75753,15905.43457,1245.53674,727.58472,0,0,"plant_1"
"wheat",1995-09-16,"ble",1889.97888,5.07991,0,0,0,5.1,308,449,493,311,0.01,-1,15.90543,8.75753,15905.43457,1245.53674,727.58472,0,0,"plant_1"
"wheat",1995-09-17,"ble",1889.97888,5.07991,0,0,0,9.7,308,449,493,311,0.01,-1,15.90543,8.75753,15905.43457,1245.53674,727.58472,0,0,"plant_1"
"wheat",1995-09-18,"ble",1889.97888,5.07991,0,0,0,8.4,308,449,493,311,0.01,-1,15.90543,8.75753,15905.43457,1245.53674,727.58472,0,0,"plant_1"
"wheat",1995-09-19,"ble",1889.97888,5.07991,0,0,0,6.4,308,449,493,311,0.01,-1,15.90543,8.75753,15905.43457,1245.53674,727.58472,0,0,"plant_1"
"wheat",1995-09-20,"ble",1889.97888,5.07991,0,0,0,9.4,308,449,493,311,0.01,-1,15.90543,8.75753,15905.43457,1245.53674,727.58472,0,0,"plant_1"
"wheat",1995-09-21,"ble",1889.97888,5.07991,0,0,0,9.6,308,449,493,311,0.01,-1,15.90543,8.75753,15905.43457,1245.53674,727.58472,0,0,"plant_1"
"wheat",1995-09-22,"ble",1889.97888,5.07991,0,0,0,12.1,308,449,493,311,0.01,-1,15.90543,8.75753,15905.43457,1245.53674,727.58472,0,0,"plant_1"
"wheat",1995-09-23,"ble",1889.97888,5.07991,0,0,0,5.4,308,449,493,311,0.01,-1,15.90543,8.75753,15905.43457,1245.53674,727.58472,0,0,"plant_1"
"wheat",1995-09-24,"ble",1889.97888,5.07991,0,0,0,7.3,308,449,493,311,0.01,-1,15.90543,8.75753,15905.43457,1245.53674,727.58472,0,0,"plant_1"
"wheat",1995-09-25,"ble",1889.97888,5.07991,0,0,0,14.7,308,449,493,311,0.01,-1,15.90543,8.75753,15905.43457,1245.53674,727.58472,0,0,"plant_1"
"wheat",1995-09-26,"ble",1889.97888,5.07991,0,0,0,5.1,308,449,493,311,0.01,-1,15.90543,8.75753,15905.43457,1245.53674,727.58472,0,0,"plant_1"
"wheat",1995-09-27,"ble",1889.97888,5.07991,0,0,0,5,308,449,493,311,0.01,-1,15.90543,8.75753,15905.43457,1245.53674,727.58472,0,0,"plant_1"
"wheat",1995-09-28,"ble",1889.97888,5.07991,0,0,0,10.6,308,449,493,311,0.01,-1,15.90543,8.75753,15905.43457,1245.53674,727.58472,0,0,"plant_1"
"wheat",1995-09-29,"ble",1889.97888,5.07991,0,0,0,15.8,308,449,493,311,0.01,-1,15.90543,8.75753,15905.43457,1245.53674,727.58472,0,0,"plant_1"
"wheat",1995-09-30,"ble",1889.97888,5.07991,0,0,0,14.3,308,449,493,311,0.01,-1,15.90543,8.75753,15905.43457,1245.53674,727.58472,0,0,"plant_1"
"wheat",1995-10-01,"ble",1889.97888,5.07991,0,0,0,6.6,308,449,493,311,0.01,-1,15.90543,8.75753,15905.43457,1245.53674,727.58472,0,0,"plant_1"
"wheat",1995-10-02,"ble",1889.97888,5.07991,0,0,0,7.2,308,449,493,311,0.01,-1,15.90543,8.75753,15905.43457,1245.53674,727.58472,0,0,"plant_1"
"wheat",1995-10-03,"ble",1889.97888,5.07991,0,0,0,9.2,308,449,493,311,0.01,-1,15.90543,8.75753,15905.43457,1245.53674,727.58472,0,0,"plant_1"
"wheat",1995-10-04,"ble",1889.97888,5.07991,0,0,0,4.9,308,449,493,311,0.01,-1,15.90543,8.75753,15905.43457,1245.53674,727.58472,0,0,"plant_1"
"wheat",1995-10-05,"ble",1889.97888,5.07991,0,0,0,10.9,308,449,493,311,0.01,-1,15.90543,8.75753,15905.43457,1245.53674,727.58472,0,0,"plant_1"
"wheat",1995-10-06,"ble",1889.97888,5.07991,0,0,0,12.5,308,449,493,311,0.01,-1,15.90543,8.75753,15905.43457,1245.53674,727.58472,0,0,"plant_1"
"wheat",1995-10-07,"ble",1889.97888,5.07991,0,0,0,14.3,308,449,493,311,0.01,-1,15.90543,8.75753,15905.43457,1245.53674,727.58472,0,0,"plant_1"
"wheat",1995-10-08,"ble",1889.97888,5.07991,0,0,0,15.8,308,449,493,311,0.01,-1,15.90543,8.75753,15905.43457,1245.53674,727.58472,0,0,"plant_1"
"wheat",1995-10-09,"ble",1889.97888,5.07991,0,0,0,13.8,308,449,493,311,0.01,-1,15.90543,8.75753,15905.43457,1245.53674,727.58472,0,0,"plant_1"
"wheat",1995-10-10,"ble",1889.97888,5.07991,0,0,0,14.4,308,449,493,311,0.01,-1,15.90543,8.75753,15905.43457,1245.53674,727.58472,0,0,"plant_1"
"wheat",1995-10-11,"ble",1889.97888,5.07991,0,0,0,6.8,308,449,493,311,0.01,-1,15.90543,8.75753,15905.43457,1245.53674,727.58472,0,0,"plant_1"
"wheat",1995-10-12,"ble",1889.97888,5.07991,0,0,0,12.2,308,449,493,311,0.01,-1,15.90543,8.75753,15905.43457,1245.53674,727.58472,0,0,"plant_1"
"wheat",1995-10-13,"ble",1889.97888,5.07991,0,0,0,7.7,308,449,493,311,0.01,-1,15.90543,8.75753,15905.43457,1245.53674,727.58472,0,0,"plant_1"
"wheat",1995-10-14,"ble",1889.97888,5.07991,0,0,0,13.1,308,449,493,311,0.01,-1,15.90543,8.75753,15905.43457,1245.53674,727.58472,0,0,"plant_1"
"wheat",1995-10-15,"ble",1889.97888,5.07991,0,0,0,3.4,308,449,493,311,0.01,-1,15.90543,8.75753,15905.43457,1245.53674,727.58472,0,0,"plant_1"
"wheat",1995-10-16,"ble",1889.97888,5.07991,0,0,0,5.3,308,449,493,311,0.01,-1,15.90543,8.75753,15905.43457,1245.53674,727.58472,0,0,"plant_1"
"wheat",1995-10-17,"ble",1889.97888,5.07991,0,0,0,9.6,308,449,493,311,0.01,-1,15.90543,8.75753,15905.43457,1245.53674,727.58472,0,0,"plant_1"
"wheat",1995-10-18,"ble",1889.97888,5.07991,0,0,0,7.3,308,449,493,311,0.01,-1,15.90543,8.75753,15905.43457,1245.53674,727.58472,0,0,"plant_1"
"wheat",1995-10-19,"ble",1889.97888,5.07991,0,0,0,6.7,308,449,493,311,0.01,-1,15.90543,8.75753,15905.43457,1245.53674,727.58472,0,0,"plant_1"
"wheat",1995-10-20,"ble",1889.97888,5.07991,0,0,0,3.5,308,449,493,311,0.01,-1,15.90543,8.75753,15905.43457,1245.53674,727.58472,0,0,"plant_1"
"wheat",1995-10-21,"ble",1889.97888,5.07991,0,0,0,6.3,308,449,493,311,0.01,-1,15.90543,8.75753,15905.43457,1245.53674,727.58472,0,0,"plant_1"
"wheat",1995-10-22,"ble",1889.97888,5.07991,0,0,0,12.7,308,449,493,311,0.01,-1,15.90543,8.75753,15905.43457,1245.53674,727.58472,0,0,"plant_1"
"wheat",1995-10-23,"ble",1889.97888,5.07991,0,0,0,11.9,308,449,493,311,0.01,-1,15.90543,8.75753,15905.43457,1245.53674,727.58472,0,0,"plant_1"
"wheat",1995-10-24,"ble",1889.97888,5.07991,0,0,0,11.6,308,449,493,311,0.01,-1,15.90543,8.75753,15905.43457,1245.53674,727.58472,0,0,"plant_1"
"wheat",1995-10-25,"ble",1889.97888,5.07991,0,0,0,10.5,308,449,493,311,0.01,-1,15.90543,8.75753,15905.43457,1245.53674,727.58472,0,0,"plant_1"
"wheat",1995-10-26,"ble",1889.97888,5.07991,0,0,0,3.5,308,449,493,311,0.01,-1,15.90543,8.75753,15905.43457,1245.53674,727.58472,0,0,"plant_1"
"wheat",1995-10-27,"ble",1889.97888,5.07991,0,0,0,2.8,308,449,493,311,0.01,-1,15.90543,8.75753,15905.43457,1245.53674,727.58472,0,0,"plant_1"
"wheat",1995-10-28,"ble",1889.97888,5.07991,0,0,0,2.8,308,449,493,311,0.01,-1,15.90543,8.75753,15905.43457,1245.53674,727.58472,0,0,"plant_1"
"wheat",1995-10-29,"ble",1889.97888,5.07991,0,0,0,2.7,308,449,493,311,0.01,-1,15.90543,8.75753,15905.43457,1245.53674,727.58472,0,0,"plant_1"
"wheat",1995-10-30,"ble",1889.97888,5.07991,0,0,0,10.4,308,449,493,311,0.01,-1,15.90543,8.75753,15905.43457,1245.53674,727.58472,0,0,"plant_1"
"wheat",1995-10-31,"ble",1889.97888,5.07991,0,0,0,4,308,449,493,311,0.01,-1,15.90543,8.75753,15905.43457,1245.53674,727.58472,0,0,"plant_1"
"wheat",1995-11-01,"ble",1889.97888,5.07991,0,0,0,2.6,308,449,493,311,0.01,-1,15.90543,8.75753,15905.43457,1245.53674,727.58472,0,0,"plant_1"
"wheat",1995-11-02,"ble",1889.97888,5.07991,0,0,0,5.6,308,449,493,311,0.01,-1,15.90543,8.75753,15905.43457,1245.53674,727.58472,0,0,"plant_1"
"wheat",1995-11-03,"ble",1889.97888,5.07991,0,0,0,4.3,308,449,493,311,0.01,-1,15.90543,8.75753,15905.43457,1245.53674,727.58472,0,0,"plant_1"
"wheat",1995-11-04,"ble",1889.97888,5.07991,0,0,0,9.1,308,449,493,311,0.01,-1,15.90543,8.75753,15905.43457,1245.53674,727.58472,0,0,"plant_1"
"wheat",1995-11-05,"ble",1889.97888,5.07991,0,0,0,9.6,308,449,493,311,0.01,-1,15.90543,8.75753,15905.43457,1245.53674,727.58472,0,0,"plant_1"
"wheat",1995-11-06,"ble",1889.97888,5.07991,0,0,0,9.8,308,449,493,311,0.01,-1,15.90543,8.75753,15905.43457,1245.53674,727.58472,0,0,"plant_1"
"wheat",1995-11-07,"ble",1889.97888,5.07991,0,0,0,4.7,308,449,493,311,0.01,-1,15.90543,8.75753,15905.43457,1245.53674,727.58472,0,0,"plant_1"
"wheat",1995-11-08,"ble",1889.97888,5.07991,0,0,0,4.3,308,449,493,311,0.01,-1,15.90543,8.75753,15905.43457,1245.53674,727.58472,0,0,"plant_1"
"wheat",1995-11-09,"ble",1889.97888,5.07991,0,0,0,8.4,308,449,493,311,0.01,-1,15.90543,8.75753,15905.43457,1245.53674,727.58472,0,0,"plant_1"
"wheat",1995-11-10,"ble",1889.97888,5.07991,0,0,0,3.6,308,449,493,311,0.01,-1,15.90543,8.75753,15905.43457,1245.53674,727.58472,0,0,"plant_1"
"wheat",1995-11-11,"ble",1889.97888,5.07991,0,0,0,2.7,308,449,493,311,0.01,-1,15.90543,8.75753,15905.43457,1245.53674,727.58472,0,0,"plant_1"
"wheat",1995-11-12,"ble",1889.97888,5.07991,0,0,0,2.2,308,449,493,311,0.01,-1,15.90543,8.75753,15905.43457,1245.53674,727.58472,0,0,"plant_1"
"wheat",1995-11-13,"ble",1889.97888,5.07991,0,0,0,2.1,308,449,493,311,0.01,-1,15.90543,8.75753,15905.43457,1245.53674,727.58472,0,0,"plant_1"
"wheat",1995-11-14,"ble",1889.97888,5.07991,0,0,0,2.1,308,449,493,311,0.01,-1,15.90543,8.75753,15905.43457,1245.53674,727.58472,0,0,"plant_1"
"wheat",1995-11-15,"ble",1889.97888,5.07991,0,0,0,2.1,308,449,493,311,0.01,-1,15.90543,8.75753,15905.43457,1245.53674,727.58472,0,0,"plant_1"
"wheat",1995-11-16,"ble",1889.97888,5.07991,0,0,0,3.9,308,449,493,311,0.01,-1,15.90543,8.75753,15905.43457,1245.53674,727.58472,0,0,"plant_1"
"wheat",1995-11-17,"ble",1889.97888,5.07991,0,0,0,4.9,308,449,493,311,0.01,-1,15.90543,8.75753,15905.43457,1245.53674,727.58472,0,0,"plant_1"
"wheat",1995-11-18,"ble",1889.97888,5.07991,0,0,0,7.3,308,449,493,311,0.01,-1,15.90543,8.75753,15905.43457,1245.53674,727.58472,0,0,"plant_1"
"wheat",1995-11-19,"ble",1889.97888,5.07991,0,0,0,6,308,449,493,311,0.01,-1,15.90543,8.75753,15905.43457,1245.53674,727.58472,0,0,"plant_1"
"wheat",1995-11-20,"ble",1889.97888,5.07991,0,0,0,7.5,308,449,493,311,0.01,-1,15.90543,8.75753,15905.43457,1245.53674,727.58472,0,0,"plant_1"
"wheat",1995-11-21,"ble",1889.97888,5.07991,0,0,0,2.5,308,449,493,311,0.01,-1,15.90543,8.75753,15905.43457,1245.53674,727.58472,0,0,"plant_1"
"wheat",1995-11-22,"ble",1889.97888,5.07991,0,0,0,1.9,308,449,493,311,0.01,-1,15.90543,8.75753,15905.43457,1245.53674,727.58472,0,0,"plant_1"
"wheat",1995-11-23,"ble",1889.97888,5.07991,0,0,0,1.9,308,449,493,311,0.01,-1,15.90543,8.75753,15905.43457,1245.53674,727.58472,0,0,"plant_1"
"wheat",1995-11-24,"ble",1889.97888,5.07991,0,0,0,2.8,308,449,493,311,0.01,-1,15.90543,8.75753,15905.43457,1245.53674,727.58472,0,0,"plant_1"
"wheat",1995-11-25,"ble",1889.97888,5.07991,0,0,0,6.4,308,449,493,311,0.01,-1,15.90543,8.75753,15905.43457,1245.53674,727.58472,0,0,"plant_1"
"wheat",1995-11-26,"ble",1889.97888,5.07991,0,0,0,1.8,308,449,493,311,0.01,-1,15.90543,8.75753,15905.43457,1245.53674,727.58472,0,0,"plant_1"
"wheat",1995-11-27,"ble",1889.97888,5.07991,0,0,0,6.9,308,449,493,311,0.01,-1,15.90543,8.75753,15905.43457,1245.53674,727.58472,0,0,"plant_1"
"wheat",1995-11-28,"ble",1889.97888,5.07991,0,0,0,2.1,308,449,493,311,0.01,-1,15.90543,8.75753,15905.43457,1245.53674,727.58472,0,0,"plant_1"
"wheat",1995-11-29,"ble",1889.97888,5.07991,0,0,0,3.8,308,449,493,311,0.01,-1,15.90543,8.75753,15905.43457,1245.53674,727.58472,0,0,"plant_1"
"wheat",1995-11-30,"ble",1889.97888,5.07991,0,0,0,5.8,308,449,493,311,0.01,-1,15.90543,8.75753,15905.43457,1245.53674,727.58472,0,0,"plant_1"
"wheat",1995-12-01,"ble",1889.97888,5.07991,0,0,0,3.6,308,449,493,311,0.01,-1,15.90543,8.75753,15905.43457,1245.53674,727.58472,0,0,"plant_1"
