"Date","pla","somupvtsem","laimax","laisen_n","hauteur","raint","trg_n","ilevs","iamfs","ilaxs","densite","demande","codebbch_output","masec_n","masecveg","masec_kg_ha","mafeuil_kg_ha","matigestruc_kg_ha","QNfeuilleres","QNtige","lai_n","iflos","idrps","imats","irecs","mafruit","tetp_n","Plant"
2025-01-01,"ble",0,0,0,0,0,2.5992,63,105,136,268,0,-1,0,0,0,0,0,0,0,0,149,149,178,0,0,0.09028,"plant_1"
2025-01-02,"ble",0,0,0,0,0,5.436,63,105,136,268,0,-1,0,0,0,0,0,0,0,0,149,149,178,0,0,0.32079,"plant_1"
2025-01-03,"ble",0,0,0,0,0,5.1084,63,105,136,268,0,-1,0,0,0,0,0,0,0,0,149,149,178,0,0,0.56622,"plant_1"
2025-01-04,"ble",0,0,0,0,0,1.7172,63,105,136,268,0,-1,0,0,0,0,0,0,0,0,149,149,178,0,0,0.70674,"plant_1"
2025-01-05,"ble",0,0,0,0,0,4.1976,63,105,136,268,0,-1,0,0,0,0,0,0,0,0,149,149,178,0,0,0.36338,"plant_1"
2025-01-06,"ble",0,0,0,0,0,6.7716,63,105,136,268,0,-1,0,0,0,0,0,0,0,0,149,149,178,0,0,0.86062,"plant_1"
2025-01-07,"ble",0,0,0,0,0,6.9912,63,105,136,268,0,-1,0,0,0,0,0,0,0,0,149,149,178,0,0,0.53645,"plant_1"
2025-01-08,"ble",0,0,0,0,0,7.2828,63,105,136,268,0,-1,0,0,0,0,0,0,0,0,149,149,178,0,0,0.18344,"plant_1"
2025-01-09,"ble",0,0,0,0,0,5.4036,63,105,136,268,0,-1,0,0,0,0,0,0,0,0,149,149,178,0,0,0.69268,"plant_1"
2025-01-10,"ble",0,0,0,0,0,2.628,63,105,136,268,0,-1,0,0,0,0,0,0,0,0,149,149,178,0,0,0.9685,"plant_1"
2025-01-11,"ble",0,0,0,0,0,5.6376,63,105,136,268,0,-1,0,0,0,0,0,0,0,0,149,149,178,0,0,0.24124,"plant_1"
2025-01-12,"ble",0,0,0,0,0,8.334,63,105,136,268,0,-1,0,0,0,0,0,0,0,0,149,149,178,0,0,0.6992,"plant_1"
2025-01-13,"ble",0,0,0,0,0,8.5824,63,105,136,268,0,-1,0,0,0,0,0,0,0,0,149,149,178,0,0,0.37775,"plant_1"
2025-01-14,"ble",0,0,0,0,0,8.3412,63,105,136,268,0,-1,0,0,0,0,0,0,0,0,149,149,178,0,0,0.28443,"plant_1"
2025-01-15,"ble",0,0,0,0,0,8.4744,63,105,136,268,0,-1,0,0,0,0,0,0,0,0,149,149,178,0,0,0.3335,"plant_1"
2025-01-16,"ble",0,0,0,0,0,7.5204,63,105,136,268,0,-1,0,0,0,0,0,0,0,0,149,149,178,0,0,0.68819,"plant_1"
2025-01-17,"ble",0,0,0,0,0,8.8236,63,105,136,268,0,-1,0,0,0,0,0,0,0,0,149,149,178,0,0,0.58178,"plant_1"
2025-01-18,"ble",0,0,0,0,0,8.3484,63,105,136,268,0,-1,0,0,0,0,0,0,0,0,149,149,178,0,0,0.46326,"plant_1"
2025-01-19,"ble",0,0,0,0,0,7.4664,63,105,136,268,0,-1,0,0,0,0,0,0,0,0,149,149,178,0,0,0.52844,"plant_1"
2025-01-20,"ble",0,0,0,0,0,3.3732,63,105,136,268,0,-1,0,0,0,0,0,0,0,0,149,149,178,0,0,0.36045,"plant_1"
2025-01-21,"ble",0,0,0,0,0,3.9924,63,105,136,268,0,-1,0,0,0,0,0,0,0,0,149,149,178,0,0,0.48631,"plant_1"
2025-01-22,"ble",0,0,0,0,0,3.33,63,105,136,268,0,-1,0,0,0,0,0,0,0,0,149,149,178,0,0,0.43418,"plant_1"
2025-01-23,"ble",0,0,0,0,0,8.6076,63,105,136,268,0,-1,0,0,0,0,0,0,0,0,149,149,178,0,0,0.50716,"plant_1"
2025-01-24,"ble",0,0,0,0,0,4.3056,63,105,136,268,0,-1,0,0,0,0,0,0,0,0,149,149,178,0,0,0.36904,"plant_1"
2025-01-25,"ble",0,0,0,0,0,6.7968,63,105,136,268,0,-1,0,0,0,0,0,0,0,0,149,149,178,0,0,0.72315,"plant_1"
2025-01-26,"ble",0,0,0,0,0,7.1244,63,105,136,268,0,-1,0,0,0,0,0,0,0,0,149,149,178,0,0,0.54463,"plant_1"
2025-01-27,"ble",0,0,0,0,0,6.1056,63,105,136,268,0,-1,0,0,0,0,0,0,0,0,149,149,178,0,0,0.79689,"plant_1"
2025-01-28,"ble",0,0,0,0,0,6.7752,63,105,136,268,0,-1,0,0,0,0,0,0,0,0,149,149,178,0,0,1.09971,"plant_1"
2025-01-29,"ble",0,0,0,0,0,8.406,63,105,136,268,0,-1,0,0,0,0,0,0,0,0,149,149,178,0,0,1.00463,"plant_1"
2025-01-30,"ble",0,0,0,0,0,3.4848,63,105,136,268,0,-1,0,0,0,0,0,0,0,0,149,149,178,0,0,0.61091,"plant_1"
2025-01-31,"ble",0,0,0,0,0,9.2592,63,105,136,268,0,-1,0,0,0,0,0,0,0,0,149,149,178,0,0,0.98527,"plant_1"
2025-02-01,"ble",0,0,0,0,0,6.2208,63,105,136,268,0,-1,0,0,0,0,0,0,0,0,149,149,178,0,0,0.8811,"plant_1"
2025-02-02,"ble",0,0,0,0,0,8.208,63,105,136,268,0,-1,0,0,0,0,0,0,0,0,149,149,178,0,0,0.84261,"plant_1"
2025-02-03,"ble",0,0,0,0,0,10.9548,63,105,136,268,0,-1,0,0,0,0,0,0,0,0,149,149,178,0,0,0.60913,"plant_1"
2025-02-04,"ble",0,0,0,0,0,11.214,63,105,136,268,0,-1,0,0,0,0,0,0,0,0,149,149,178,0,0,0.51214,"plant_1"
2025-02-05,"ble",0,0,0,0,0,11.4012,63,105,136,268,0,-1,0,0,0,0,0,0,0,0,149,149,178,0,0,0.55898,"plant_1"
2025-02-06,"ble",0,0,0,0,0,11.376,63,105,136,268,0,-1,0,0,0,0,0,0,0,0,149,149,178,0,0,1.18604,"plant_1"
2025-02-07,"ble",0,0,0,0,0,7.4916,63,105,136,268,0,-1,0,0,0,0,0,0,0,0,149,149,178,0,0,0.66431,"plant_1"
2025-02-08,"ble",0,0,0,0,0,0.9684,63,105,136,268,0,-1,0,0,0,0,0,0,0,0,149,149,178,0,0,0.34664,"plant_1"
2025-02-09,"ble",0,0,0,0,0,9.4428,63,105,136,268,0,-1,0,0,0,0,0,0,0,0,149,149,178,0,0,0.6177,"plant_1"
2025-02-10,"ble",0,0,0,0,0,5.8284,63,105,136,268,0,-1,0,0,0,0,0,0,0,0,149,149,178,0,0,0.7328,"plant_1"
2025-02-11,"ble",0,0,0,0,0,2.8152,63,105,136,268,0,-1,0,0,0,0,0,0,0,0,149,149,178,0,0,0.70123,"plant_1"
2025-02-12,"ble",0,0,0,0,0,3.6504,63,105,136,268,0,-1,0,0,0,0,0,0,0,0,149,149,178,0,0,0.53341,"plant_1"
2025-02-13,"ble",0,0,0,0,0,10.926,63,105,136,268,0,-1,0,0,0,0,0,0,0,0,149,149,178,0,0,0.9525,"plant_1"
2025-02-14,"ble",0,0,0,0,0,11.9592,63,105,136,268,0,-1,0,0,0,0,0,0,0,0,149,149,178,0,0,1.39712,"plant_1"
2025-02-15,"ble",0,0,0,0,0,13.3272,63,105,136,268,0,0,0,0,0,0,0,0,0,0,149,149,178,0,0,1.41411,"plant_1"
2025-02-16,"ble",6.35,0,0,0,0,10.494,63,105,136,268,0,0,0,0,0,0,0,0,0,0,149,149,178,0,0,0.942,"plant_1"
2025-02-17,"ble",13.4,0,0,0,0,11.79,63,105,136,268,0,0,0,0,0,0,0,0,0,0,149,149,178,0,0,0.99656,"plant_1"
2025-02-18,"ble",21.6,0,0,0,0,7.4988,63,105,136,268,0,0,0,0,0,0,0,0,0,0,149,149,178,0,0,0.9612,"plant_1"
2025-02-19,"ble",30.4,0,0,0,0,4.5756,63,105,136,268,0,0,0,0,0,0,0,0,0,0,149,149,178,0,0,0.76162,"plant_1"
2025-02-20,"ble",41.1,0,0,0,0,7.5492,63,105,136,268,0,5,0,0,0,0,0,0,0,0,149,149,178,0,0,0.91172,"plant_1"
2025-02-21,"ble",52.4,0,0,0,0,6.2604,63,105,136,268,0,5,0,0,0,0,0,0,0,0,149,149,178,0,0,0.83738,"plant_1"
2025-02-22,"ble",62.9,0,0,0,0,2.0124,63,105,136,268,0,5,0,0,0,0,0,0,0,0,149,149,178,0,0,0.48744,"plant_1"
2025-02-23,"ble",74.89999,0,0,0,0,5.0796,63,105,136,268,0,5,0,0,0,0,0,0,0,0,149,149,178,0,0,0.92132,"plant_1"
2025-02-24,"ble",85.99999,0,0,0,0,6.5592,63,105,136,268,0,5,0,0,0,0,0,0,0,0,149,149,178,0,0,0.79388,"plant_1"
2025-02-25,"ble",96.8,0,0,0,0,7.02,63,105,136,268,0,5,0,0,0,0,0,0,0,0,149,149,178,0,0,1.61052,"plant_1"
2025-02-26,"ble",108.8,0,0,0,0,14.8068,63,105,136,268,0,5,0,0,0,0,0,0,0,0,149,149,178,0,0,2.58955,"plant_1"
2025-02-27,"ble",120,0,0,0,0,12.9276,63,105,136,268,0,5,0,0,0,0,0,0,0,0,149,149,178,0,0,1.31419,"plant_1"
2025-02-28,"ble",129.14999,0,0,0,0,15.156,63,105,136,268,0,5,0,0,0,0,0,0,0,0,149,149,178,0,0,2.45237,"plant_1"
2025-03-01,"ble",139.39999,0,0,0,0,14.3928,63,105,136,268,0,5,0,0,0,0,0,0,0,0,149,149,178,0,0,2.07225,"plant_1"
2025-03-02,"ble",147.84999,0,0,0,0,14.3388,63,105,136,268,0,5,0,0,0,0,0,0,0,0,149,149,178,0,0,2.0612,"plant_1"
2025-03-03,"ble",158.74998,0,0,0,0,14.4756,63,105,136,268,0,5,0,0,0,0,0,0,0,0,149,149,178,0,0,1.78814,"plant_1"
2025-03-04,"ble",168.94998,0.00018,0,0.00013,0.00059,14.5692,63,105,136,268,0.01,9,1e-05,1e-05,0.01308,0.01308,0,0,0,0.00018,149,149,178,0,0,1.73792,"plant_1"
2025-03-05,"ble",173.53841,0.00225,0,0.00158,0.00839,16.3188,63,105,136,268,0.01296,9,2e-04,2e-04,0.19749,0.19749,0,0,0,0.00225,149,149,178,0,0,1.80003,"plant_1"
2025-03-06,"ble",178.29001,0.00463,0,0.00324,0.01278,12.1248,63,105,136,268,0.01976,9,0.00048,0.00048,0.47856,0.47856,0,0,0,0.00463,149,149,178,0,0,1.53517,"plant_1"
2025-03-07,"ble",182.76987,0.00709,0,0.00495,0.00848,5.256,63,105,136,268,0.0131,9,0.00066,0.00066,0.66497,0.66497,0,0,0,0.00709,149,149,178,0,0,1.20683,"plant_1"
2025-03-08,"ble",187.71266,0.01009,0,0.00704,0.0142,6.1884,63,105,136,268,0.02195,9,0.00098,0.00098,0.97727,0.97727,0,0,0,0.01009,149,149,178,0,0,1.66986,"plant_1"
2025-03-09,"ble",193.46507,0.01404,0,0.00978,0.00628,1.9692,63,105,136,268,0.01,9,0.00112,0.00112,1.11546,1.11546,0,0,0,0.01404,149,149,178,0,0,0.86619,"plant_1"
2025-03-10,"ble",198.82961,0.01817,0,0.01264,0.05047,12.24,63,105,136,268,0.07791,9,0.00222,0.00222,2.22377,2.22377,0,0,0,0.01817,149,149,178,0,0,1.55167,"plant_1"
2025-03-11,"ble",204.32872,0.02292,0,0.01591,0.02897,5.5764,63,105,136,268,0.04475,9,0.00286,0.00286,2.86044,2.86044,0,0,0,0.02292,149,149,178,0,0,1.01091,"plant_1"
2025-03-12,"ble",209.47699,0.02787,0,0.01932,0.08662,13.7268,63,105,136,268,0.13352,9,0.00476,0.00476,4.75995,4.75995,0,0,0,0.02787,149,149,178,0,0,1.96609,"plant_1"
2025-03-13,"ble",214.87601,0.03369,0,0.02331,0.04075,5.3496,63,105,136,268,0.06292,9,0.00566,0.00566,5.65503,5.65503,0,0,0,0.03369,149,149,178,0,0,1.22673,"plant_1"
2025-03-14,"ble",218.71544,0.03817,0,0.02636,0.04673,5.4216,63,105,136,268,0.06967,9,0.00665,0.00665,6.64619,6.64619,0,0,0,0.03817,149,149,178,0,0,1.4078,"plant_1"
2025-03-15,"ble",222.48972,0.04292,0,0.0296,0.1492,15.4116,63,105,136,268,0.21981,9,0.00977,0.00977,9.77332,9.77332,0,0,0,0.04292,149,149,178,0,0,2.30854,"plant_1"
2025-03-16,"ble",226.4845,0.04838,0,0.0333,0.19699,18.0756,63,105,136,268,0.29417,9,0.01396,0.01396,13.95831,13.95831,0,0,0,0.04838,149,149,178,0,0,2.33931,"plant_1"
2025-03-17,"ble",230.38942,0.05416,0,0.0372,0.2264,18.5832,63,105,136,268,0.33464,9,0.01872,0.01872,18.71897,18.05348,0.66549,0,0,0.05416,149,149,178,0,0,2.37952,"plant_1"
2025-03-18,"ble",234.78563,0.06129,0,0.04199,0.22824,16.5852,63,105,136,268,0.34682,9,0.02365,0.02365,23.65296,20.42963,1.85357,0,0,0.06129,149,149,178,0,0,2.26498,"plant_1"
2025-03-19,"ble",239.49579,0.06971,0,0.04763,0.06158,3.942,63,105,136,268,0.09487,9,0.025,0.025,25.00261,23.2372,1.76542,0,0,0.06971,149,149,178,0,0,1.41376,"plant_1"
2025-03-20,"ble",244.50122,0.07965,0,0.05423,0.09735,5.4684,63,105,136,268,0.15001,9,0.02714,0.02714,27.13664,26.54898,0.58765,0,0,0.07965,149,149,178,0,0,1.47982,"plant_1"
2025-03-21,"ble",249.86713,0.09156,0,0.06208,0.14273,6.9948,63,105,136,268,0.21956,9,0.03026,0.03026,30.26019,30.26019,0,0,0,0.09156,149,149,178,0,0,1.6809,"plant_1"
2025-03-22,"ble",255.82362,0.10656,0,0.07188,0.26003,10.9908,63,105,136,268,0.39825,9,0.03593,0.03593,35.92577,35.51877,0.407,0,0,0.10656,149,149,178,0,0,1.75661,"plant_1"
2025-03-23,"ble",262.15201,0.12476,0,0.08362,0.28074,10.1808,63,105,136,268,0.42963,9,0.04204,0.04204,42.03777,41.5851,0.45267,0,0,0.12476,149,149,178,0,0,1.37351,"plant_1"
2025-03-24,"ble",267.25708,0.14107,0,0.09403,0.3476,11.1924,63,105,136,268,0.53062,9,0.04959,0.04959,49.58651,47.02489,2.56162,0,0,0.14107,149,149,178,0,0,1.71148,"plant_1"
2025-03-25,"ble",273.24377,0.16276,0,0.10768,0.64344,18.054,63,105,136,268,0.97132,9,0.0634,0.0634,63.40469,54.25352,6.17594,0,0,0.16276,149,149,178,0,0,2.57397,"plant_1"
2025-03-26,"ble",279.86594,0.19031,0,0.12473,0.76247,18.4212,63,105,136,268,1.14581,9,0.07971,0.07971,79.70522,63.43776,10.76805,0,0,0.19031,149,149,178,0,0,3.46403,"plant_1"
2025-03-27,"ble",287.28946,0.2264,0,0.14656,0.77007,15.7788,63,105,136,268,1.15689,9,0.09616,0.09616,96.16338,75.46522,16.78178,0,0,0.2264,149,149,178,0,0,2.85278,"plant_1"
2025-03-28,"ble",294.50482,0.26714,0,0.17056,1.07843,18.9144,63,105,136,268,1.60109,9,0.11894,0.11894,118.94092,89.04794,23.57315,0,0,0.26714,149,149,178,0,0,3.85951,"plant_1"
2025-03-29,"ble",301.82431,0.31523,0,0.19801,1.03485,15.5628,63,105,136,268,1.53898,9,0.14083,0.14083,140.83475,105.07719,31.58777,0,0,0.31523,149,149,178,0,0,4.1941,"plant_1"
2025-03-30,"ble",308.6123,0.31923,0,0.20025,1.44218,21.438,63,105,136,268,2.11108,9,0.17087,0.17087,170.86754,106.40854,32.25344,0,0,0.31923,149,149,178,0,0,4.1616,"plant_1"
2025-03-31,"ble",316.79538,0.32492,0,0.20343,1.47299,21.5424,63,105,136,268,2.15359,9,0.20151,0.20151,201.50504,108.30535,33.20185,0,0,0.32492,149,149,178,0,0,4.72057,"plant_1"
2025-04-01,"ble",325.7247,0.33235,0,0.20757,1.50223,21.5172,63,105,136,268,2.19382,9,0.23271,0.23271,232.71489,110.78474,34.44155,0,0,0.33235,149,149,178,0,0,3.975,"plant_1"
2025-04-02,"ble",333.41397,0.33981,0,0.21169,0.45325,6.3612,63,105,136,268,0.68916,9,0.24252,0.24252,242.51903,113.27079,35.68457,0,0,0.33981,149,149,178,0,0,1.86653,"plant_1"
2025-04-03,"ble",339.71152,0.34671,0,0.21549,1.442,19.8684,63,105,136,268,2.11084,9,0.27255,0.27255,272.54828,115.57001,36.83418,0,0,0.34671,149,149,178,0,0,2.96822,"plant_1"
2025-04-04,"ble",347.93726,0.35726,0,0.22126,0.92593,12.4128,63,105,136,268,1.38278,9,0.29222,0.29222,292.22006,119.08722,38.59278,0,0,0.35726,149,149,178,0,0,2.21279,"plant_1"
2025-04-05,"ble",355.50934,0.36845,0,0.22734,1.59756,20.8224,63,105,136,268,2.32431,9,0.32529,0.32529,325.28629,122.81738,40.45787,0,0,0.36845,149,149,178,0,0,3.27605,"plant_1"
2025-04-06,"ble",364.431,0.38398,0,0.23569,1.80057,22.6044,63,105,136,268,2.59874,9,0.36226,0.36226,362.25659,127.99242,43.04539,0,0,0.38398,149,149,178,0,0,4.61694,"plant_1"
2025-04-07,"ble",375.15823,0.40655,0,0.24767,1.30661,15.5772,63,105,136,268,1.92279,9,0.38961,0.38961,389.61072,135.51753,46.80795,0,0,0.40655,149,149,178,0,0,2.65962,"plant_1"
2025-04-08,"ble",382.9342,0.42519,0,0.25743,1.92974,22.0968,63,105,136,268,2.77089,9,0.42903,0.42903,429.03006,141.72958,49.91396,0,0,0.42519,149,149,178,0,0,2.91936,"plant_1"
2025-04-09,"ble",391.08878,0.44746,0,0.26891,1.13503,12.4164,63,105,136,268,1.68145,9,0.45295,0.45295,452.95074,149.15308,53.62571,0,0,0.44746,149,149,178,0,0,1.93351,"plant_1"
2025-04-10,"ble",398.71158,0.47083,0,0.28077,2.22166,23.2272,63,105,136,268,3.15289,9,0.4978,0.4978,497.8046,156.94278,57.52057,0,0,0.47083,149,149,178,0,0,3.1437,"plant_1"
2025-04-11,"ble",407.4754,0.5013,0,0.29595,2.05161,20.2932,63,105,136,268,2.93155,9,0.53951,0.53951,539.50952,167.10136,62.59986,0,0,0.5013,149,149,178,0,0,2.60368,"plant_1"
2025-04-12,"ble",415.5401,0.53253,0,0.31118,2.10218,19.7208,63,105,136,268,2.99772,9,0.58216,0.58216,582.15582,177.51115,67.80476,0,0,0.53253,149,149,178,0,0,3.141,"plant_1"
2025-04-13,"ble",424.32294,0.57045,0,0.32922,0.44444,3.9276,63,105,136,268,0.67598,9,0.59177,0.59177,591.77258,190.14955,74.12395,0,0,0.57045,149,149,178,0,0,0.87908,"plant_1"
2025-04-14,"ble",432.35312,0.60839,0,0.3468,1.03723,8.6724,63,105,136,268,1.54238,9,0.61371,0.61371,613.71484,202.79749,80.44792,0,0,0.60839,149,149,178,0,0,1.70954,"plant_1"
2025-04-15,"ble",440.96466,0.64957,0,0.36536,2.0049,15.8544,63,105,136,268,5.75924,35,0.69565,0.69565,695.64722,216.52446,87.31141,0,0,0.64957,149,149,178,0,0,2.69121,"plant_1"
2025-04-16,"ble",449.92789,0.69467,0,0.38508,2.22448,16.6248,63,105,136,268,6.36201,35,0.78615,0.78615,786.15472,231.55705,94.82771,0,0,0.69467,149,149,178,0,0,2.8059,"plant_1"
2025-04-17,"ble",457.69125,0.73534,0,0.40234,2.57423,18.3492,63,105,136,268,7.31072,35,0.89016,0.89016,890.15881,245.11496,101.60665,0,0,0.73534,149,149,178,0,0,4.1392,"plant_1"
2025-04-18,"ble",465.64517,0.77786,0,0.41987,3.58578,24.4044,63,105,136,268,9.97569,35,1.02876,1.02876,1028.76331,259.28723,108.69279,0,0,0.77786,149,149,178,0,0,3.26741,"plant_1"
2025-04-19,"ble",472.54205,0.81196,0,0.43355,2.17682,14.3064,63,105,136,268,6.23165,35,1.10451,1.10451,1104.51013,270.65485,114.3766,0,0,0.81196,149,149,178,0,0,2.56546,"plant_1"
2025-04-20,"ble",481.0863,0.86179,0,0.45297,3.59231,22.5036,63,105,136,268,9.99251,35,1.24667,1.24667,1246.66602,287.26208,122.68021,0,0,0.86179,149,149,178,0,0,3.12845,"plant_1"
2025-04-21,"ble",488.48798,0.90389,0,0.46885,3.3898,20.4444,63,105,136,268,9.46853,35,1.37265,1.37265,1372.64868,301.29514,129.69675,0,0,0.90389,149,149,178,0,0,4.00715,"plant_1"
2025-04-22,"ble",497.69199,0.95889,0,0.48892,4.0278,23.1912,63,105,136,268,11.1034,35,1.52312,1.52312,1523.11865,319.62982,138.86409,0,0,0.95889,149,149,178,0,0,4.40005,"plant_1"
2025-04-23,"ble",507.58023,1.01571,0,0.50884,2.99006,16.4664,63,105,136,268,4.6023,35,1.6274,1.6274,1627.39807,338.56927,148.33382,0,0,1.01571,149,149,178,0,0,3.80076,"plant_1"
2025-04-24,"ble",516.8371,1.07644,0,0.52929,4.57986,24.1308,63,105,136,268,6.52043,35,1.80311,1.80311,1803.10828,358.81293,158.45564,0,0,1.07644,149,149,178,0,0,4.85746,"plant_1"
2025-04-25,"ble",526.31537,1.13296,0,0.54755,5.04568,25.5852,63,105,136,268,6.84442,35,1.96812,1.96812,1968.12488,377.65317,167.87576,0,0,1.13296,149,149,178,0,0,4.68028,"plant_1"
2025-04-26,"ble",536.66949,1.1953,0,0.56687,3.18168,15.5088,63,105,136,268,4.38431,35,2.07417,2.07417,2074.16626,398.43411,178.26622,0,0,1.1953,149,149,178,0,0,3.30494,"plant_1"
2025-04-27,"ble",546.42615,1.2648,0,0.58743,4.43631,20.7576,63,105,136,268,5.75078,35,2.24667,2.24667,2246.66943,421.59848,189.84842,0,0,1.2648,149,149,178,0,0,3.97514,"plant_1"
2025-04-28,"ble",557.04663,1.33519,0,0.60727,5.34502,24.066,63,105,136,268,6.56806,35,2.42843,2.42843,2428.43091,445.06177,201.58006,0,0,1.33519,149,149,178,0,0,3.97909,"plant_1"
2025-04-29,"ble",567.70923,1.40392,0,0.62572,5.44245,23.6628,63,105,136,268,6.47301,35,2.60307,2.60307,2603.07373,467.97272,213.03554,0,0,1.40392,149,149,178,0,0,3.9531,"plant_1"
2025-04-30,"ble",578.65613,1.47563,0,0.64404,6.11654,25.704,63,105,136,268,6.94714,35,2.79652,2.79652,2796.51831,491.87775,224.98804,0,0,1.47563,149,149,178,0,0,4.22929,"plant_1"
2025-05-01,"ble",589.98291,1.54906,0,0.66188,6.43007,26.1576,63,105,136,268,7.0405,35,2.99252,2.99252,2992.52002,516.35352,237.22592,0,0,1.54906,149,149,178,0,0,4.32442,"plant_1"
2025-05-02,"ble",601.01111,1.62093,0,0.67847,5.0743,20.0376,63,105,136,268,5.59269,35,3.15058,3.15058,3150.57886,540.31,249.20419,0,0,1.62093,149,149,178,0,0,3.64904,"plant_1"
2025-05-03,"ble",611.82239,1.69713,0,0.69517,6.19894,23.7672,63,105,136,268,6.48661,35,3.35551,3.35551,3355.51147,565.71106,261.90472,0,0,1.69713,149,149,178,0,0,4.10006,"plant_1"
2025-05-04,"ble",623.21167,1.77411,0,0.71116,1.44629,5.3928,63,105,136,268,1.65919,35,3.40515,3.40515,3405.14771,591.37073,274.73453,0,0,1.77411,149,149,178,0,0,1.43643,"plant_1"
2025-05-05,"ble",634.07941,1.86008,0,0.72803,4.87521,17.658,63,105,136,268,5.09287,35,3.59297,3.59297,3592.97339,620.02673,289.06253,0,0,1.86008,149,149,178,0,0,3.16043,"plant_1"
2025-05-06,"ble",644.4306,1.94211,0,0.74321,4.37968,15.4584,63,105,136,268,4.53011,35,3.76293,3.76293,3762.93481,647.37103,302.73471,0,0,1.94211,149,149,178,0,0,3.18649,"plant_1"
2025-05-07,"ble",653.87207,2.01733,0,0.75638,5.55239,19.1664,63,105,136,268,5.46931,35,3.97379,3.97379,3973.78589,672.44238,315.27036,0,0,2.01733,149,149,178,0,0,3.17916,"plant_1"
2025-05-08,"ble",662.95062,2.08742,0,0.76804,6.94264,23.5008,63,105,136,268,6.462,35,4.21929,4.21929,4219.28516,695.80713,326.95276,0,0,2.08742,149,149,178,0,0,3.68848,"plant_1"
2025-05-09,"ble",671.93091,2.15281,0,0.77842,4.88141,16.2396,63,105,136,268,4.66985,35,4.38701,4.38701,4387.00537,717.60376,337.85104,0,0,2.15281,149,149,178,0,0,2.83205,"plant_1"
2025-05-10,"ble",681.64404,2.23046,0,0.79014,6.43403,20.9916,63,105,136,268,5.81526,35,4.62671,4.62671,4626.71338,743.48566,350.79199,0,0,2.23046,149,149,178,0,0,3.78104,"plant_1"
2025-05-11,"ble",692.45453,2.31145,0,0.80171,3.58579,11.4768,63,105,136,268,3.40089,35,4.75754,4.75754,4757.54053,770.48364,364.29099,0,0,2.31145,149,149,178,0,0,2.26953,"plant_1"
2025-05-12,"ble",702.76941,2.39397,0,0.81284,8.16975,25.6716,63,105,136,268,6.83505,35,5.05036,5.05036,5050.35791,797.98999,378.04416,0,0,2.39397,149,149,178,0,0,4.36078,"plant_1"
2025-05-13,"ble",713.41266,2.46945,0,0.82247,8.10983,25.0812,63,105,136,268,6.65069,35,5.30139,5.30139,5301.38672,823.10156,390.59998,0,0,2.46945,149,149,178,0,0,4.36713,"plant_1"
2025-05-14,"ble",725.01685,2.55184,0.00018,0.83244,8.34232,25.38,63,105,136,268,6.6644,35,5.55943,5.55943,5559.42578,850.07855,404.08844,0,0,2.55184,149,149,178,0,0,4.15821,"plant_1"
2025-05-15,"ble",736.32837,2.62968,0.00225,0.84156,8.60255,25.7904,63,105,136,268,6.69413,35,5.82203,5.82203,5822.03125,876.15259,417.12546,0,0,2.62968,149,149,178,0,0,5.46667,"plant_1"
2025-05-16,"ble",749.34137,2.62968,0.00463,0.84156,8.99249,26.9712,63,105,136,268,6.79849,55,6.09094,6.09094,6090.93896,875.48291,417.12546,0,0,2.62731,149,149,178,0,0,5.48417,"plant_1"
2025-05-17,"ble",762.10919,2.62968,0.00709,0.84156,9.30516,27.9216,63,105,136,268,6.85057,55,6.36371,6.36371,6363.70654,874.73083,417.12546,0,0,2.62485,149,149,178,0,0,5.38951,"plant_1"
2025-05-18,"ble",774.29163,2.62968,0.01009,0.84156,9.11535,27.3672,63,105,136,268,6.62063,55,6.62872,6.62872,6628.72168,873.52423,417.12546,0,0,2.62185,149,149,178,0,0,4.81091,"plant_1"
2025-05-19,"ble",786.38483,2.62968,0.01404,0.84156,8.33586,25.0452,63,105,136,268,6.06556,55,6.87611,6.87611,6876.11426,873.03583,417.12546,0,0,2.6179,149,149,178,0,0,4.87978,"plant_1"
2025-05-20,"ble",799.06628,2.62968,0.01817,0.84156,7.00649,21.0672,63,105,136,268,5.18071,55,7.09596,7.09596,7095.96191,871.63196,417.12546,0,0,2.61377,149,149,178,0,0,4.56232,"plant_1"
2025-05-21,"ble",812.60333,2.62968,0.02787,0.84156,8.89409,26.7912,63,105,136,268,6.19757,55,7.36911,7.36911,7369.10938,870.40826,417.12546,0,0,2.60407,149,149,178,0,0,6.54934,"plant_1"
2025-05-22,"ble",826.39587,2.62968,0.03369,0.84156,7.48048,22.5576,63,105,136,268,5.3132,55,7.58966,7.58966,7589.66504,869.70911,417.12546,0,0,2.59825,149,149,178,0,0,5.58459,"plant_1"
2025-05-23,"ble",838.52069,2.62968,0.03817,0.84156,7.56723,22.8384,63,105,136,268,5.29346,55,7.82372,7.82372,7823.72217,869.39227,417.12546,0,0,2.59377,149,149,178,0,0,5.60524,"plant_1"
2025-05-24,"ble",851.02991,2.62968,0.04292,0.84156,9.31948,28.152,63,105,136,268,6.16807,55,8.09995,8.09995,8099.95459,869.02826,417.12546,0,0,2.58902,149,149,178,0,0,5.67904,"plant_1"
2025-05-25,"ble",864.18622,2.62968,0.04838,0.84156,8.44554,25.5384,63,105,136,268,5.63048,55,8.34141,8.34141,8341.40625,868.64282,417.12546,0,0,2.58356,149,149,178,0,0,5.52018,"plant_1"
2025-05-26,"ble",878.28296,2.62968,0.05416,0.84156,9.25327,28.0116,63,105,136,268,5.97069,55,8.6083,8.6083,8608.30273,866.43976,417.12546,0,0,2.57778,149,149,178,0,0,6.78716,"plant_1"
2025-05-27,"ble",893.77478,2.62968,0.06971,0.84156,9.2993,28.2348,63,105,136,268,5.83972,55,8.86466,8.86466,8864.6582,864.83521,417.12546,0,0,2.56223,149,149,178,0,0,6.35268,"plant_1"
2025-05-28,"ble",908.763,2.62968,0.07965,0.84156,9.19392,27.9684,63,105,136,268,5.75953,55,9.12133,9.12133,9121.33105,863.36188,417.12546,0,0,2.55229,149,149,178,0,0,6.41612,"plant_1"
2025-05-29,"ble",924.73865,2.62968,0.09156,0.84156,9.18446,28.0044,63,105,136,268,5.60216,71,9.37392,9.37392,9373.91992,862.3623,417.12546,0,0,2.54038,149,149,178,0,0,7.1344,"plant_1"
2025-05-30,"ble",949.78864,2.62968,0.10656,0.84156,12.2599,28.7964,63,105,136,268,6.54322,71,9.67487,9.44151,9674.87207,860.06116,417.12546,0,0,2.52538,149,149,178,0,0.23336,6.47496,"plant_1"
2025-05-31,"ble",973.83862,2.62968,0.14107,0.84156,11.70743,27.5328,63,105,136,268,3.3169,71,9.82045,9.46514,9820.44727,858.61542,417.12546,0,0,2.49086,149,149,178,0,0.3553,5.36039,"plant_1"
2025-06-01,"ble",995.07147,2.62968,0.16276,0.84156,10.92422,25.7112,63,105,136,268,3.30866,71,10.00651,9.52379,10006.50488,856.77856,417.12546,0,0,2.46918,149,149,178,0,0.48271,5.09759,"plant_1"
2025-06-02,"ble",1016.87445,2.62968,0.19031,0.84156,6.83789,16.11,63,105,136,268,2.43768,71,10.1433,9.53165,10143.29492,851.65656,417.12546,0,0,2.44163,149,149,178,0,0.61164,3.69267,"plant_1"
2025-06-03,"ble",1039.02441,2.62968,0.26714,0.84156,11.7955,27.8712,63,105,136,268,3.35295,71,10.34018,9.59196,10340.18066,848.45074,417.12546,0,0,2.36479,149,149,178,0,0.74822,5.48921,"plant_1"
2025-06-04,"ble",1060.29956,2.62968,0.31523,0.84156,9.00711,21.3228,63,105,136,268,2.90703,71,10.50156,9.61502,10501.56348,847.80505,417.12546,0,0,2.31671,149,149,178,0,0.88654,4.3528,"plant_1"
2025-06-05,"ble",1080.94958,2.62968,0.32492,0.84156,11.03754,26.1396,63,105,136,268,3.24016,71,10.68167,9.6511,10681.66504,847.30914,417.12546,0,0,2.30702,149,149,178,0,1.03057,5.09445,"plant_1"
2025-06-06,"ble",1101.24963,2.62968,0.33235,0.84156,10.87013,25.7508,63,105,136,268,3.19616,71,10.8526,9.67466,10852.59961,846.81189,417.12546,0,0,2.29958,149,149,178,0,1.17794,4.7314,"plant_1"
2025-06-07,"ble",1121.05811,2.62968,0.33981,0.84156,8.82962,20.9232,63,105,136,268,2.82415,71,11.00536,9.67811,11005.35742,845.64862,417.12546,0,0,2.29213,149,149,178,0,1.32725,4.85876,"plant_1"
2025-06-08,"ble",1144.15808,2.62968,0.35726,0.84156,12.1982,28.926,63,105,136,268,3.24244,71,11.19024,9.70574,11190.23535,844.90265,417.12546,0,0,2.27468,149,149,178,0,1.4845,6.53501,"plant_1"
2025-06-09,"ble",1166.60803,2.62968,0.36845,0.84156,12.58716,29.862,63,105,136,268,3.28912,71,11.36878,9.72349,11368.77539,842.36261,417.12546,0,0,2.26349,149,149,178,0,1.64529,6.20352,"plant_1"
2025-06-10,"ble",1188.70801,2.62968,0.40655,0.84156,12.36434,29.3796,63,105,136,268,3.25811,71,11.54493,9.73491,11544.92676,841.12006,417.12546,0,0,2.22539,149,149,178,0,1.81001,6.14011,"plant_1"
2025-06-11,"ble",1211.18469,2.62968,0.42519,0.84156,12.26838,29.1744,63,105,136,268,3.21259,71,11.72104,9.74206,11721.04395,839.63544,417.12546,0,0,2.20675,149,149,178,0,1.97898,7.03563,"plant_1"
2025-06-12,"ble",1237.88464,2.62968,0.44746,0.84156,11.67601,27.792,63,105,136,268,2.82069,71,11.87817,9.72941,11878.1748,836.04572,417.12546,0,0,2.18448,149,149,178,0,2.14876,5.75503,"plant_1"
2025-06-13,"ble",1261.00195,2.62968,0.5013,0.84156,11.89777,28.386,63,105,136,268,3.10415,71,12.06321,9.73549,12063.21094,833.96375,417.12546,0,0,2.13063,149,149,178,0,2.32772,5.91332,"plant_1"
2025-06-14,"ble",1284.57458,2.62968,0.53253,0.84156,11.75624,28.0872,63,105,136,268,3.04493,71,12.23721,9.72834,12237.21094,826.48907,417.12546,0,0,2.0994,149,149,178,0,2.50887,6.24818,"plant_1"
2025-06-15,"ble",1309.47107,2.62968,0.60839,0.84156,10.52331,25.2288,63,105,136,268,2.78771,71,12.39904,9.70746,12399.04492,823.74377,417.12546,0,0,2.02355,149,149,178,0,2.69158,5.97579,"plant_1"
2025-06-16,"ble",1335.22107,2.62968,0.64957,0.84156,12.19194,29.286,63,105,136,268,2.8945,71,12.57562,9.69404,12575.61621,820.73724,417.12546,0,0,1.98236,149,149,178,0,2.88158,7.81159,"plant_1"
2025-06-17,"ble",1361.27112,2.62968,0.69467,0.84156,12.22824,29.4372,63,105,136,268,2.79592,71,12.74502,9.67092,12745.01758,815.19122,417.12546,0,0,1.93727,149,149,178,0,3.0741,6.84631,"plant_1"
2025-06-18,"ble",1386.52698,2.62968,0.77786,0.84156,12.06132,29.1564,63,105,136,268,2.64304,71,12.90927,9.63987,12909.27441,812.91766,417.12546,0,0,1.85408,149,149,178,0,3.2694,6.55743,"plant_1"
2025-06-19,"ble",1413.21606,2.62968,0.81196,0.84156,11.92265,28.872,63,105,136,268,2.2974,71,13.05586,9.59188,13055.85547,806.78961,417.12546,0,0,1.81997,149,149,178,0,3.46398,6.86242,"plant_1"
2025-06-20,"ble",1440.05554,2.62968,0.90389,0.84156,11.33755,27.5904,63,105,136,268,1.99579,71,13.18628,9.52867,13186.28125,803.12268,417.12546,0,0,1.72805,149,149,178,0,3.65761,6.87371,"plant_1"
2025-06-21,"ble",1468.05554,2.62968,0.95889,0.84156,11.36629,27.7452,63,105,136,268,1.71364,71,13.29869,9.44951,13298.68652,795.28607,417.12546,0,0,1.67305,149,149,178,0,3.84917,6.78522,"plant_1"
2025-06-22,"ble",1496.05554,2.62968,1.07644,0.84156,11.10099,27.2844,63,105,136,268,1.52453,71,13.39902,9.35921,13399.01953,791.51801,417.12546,0,0,1.5555,149,149,178,0,4.0398,6.05125,"plant_1"
2025-06-23,"ble",1523.16602,2.62968,1.13296,0.84156,10.14883,25.0308,63,105,136,268,1.51105,71,13.49879,9.26611,13498.79004,782.72888,417.12546,0,0,1.49898,149,149,178,0,4.23268,5.9256,"plant_1"
2025-06-24,"ble",1551.16602,2.62968,1.2648,0.84156,11.35934,28.2564,63,105,136,268,1.42599,71,13.58915,9.16425,13589.15137,778.03625,417.12546,0,0,1.36714,149,149,178,0,4.4249,6.93627,"plant_1"
2025-06-25,"ble",1579.16602,2.62968,1.33519,0.84156,11.41991,28.5444,63,105,136,268,1.15171,71,13.65627,9.04482,13656.27148,768.67303,417.12546,0,0,1.29675,149,149,178,0,4.61145,6.78224,"plant_1"
2025-06-26,"ble",1607.16602,2.62968,1.47563,0.84156,11.17262,28.2132,63,105,136,268,1.16062,71,13.7192,8.92105,13719.19922,758.98657,417.12546,0,0,1.15631,149,149,178,0,4.79815,7.35485,"plant_1"
2025-06-27,"ble",1635.16602,2.62968,1.62093,0.84156,11.14233,28.4616,63,105,136,268,1.06341,89,13.76548,8.96733,13765.48145,748.77454,417.12546,0,0,1.01101,149,149,178,0,4.79815,7.74125,"plant_1"
2025-06-28,"ble",1663.16602,2.62968,1.77411,0.84156,4.6057,28.9584,63,105,136,268,0.44156,89,13.78418,8.98603,13784.18066,737.5744,417.12546,0,0,0.85783,149,149,178,0,4.79815,7.67762,"plant_1"
2025-06-29,"ble",1691.16602,2.62968,1.94211,0.84156,3.79707,28.5444,63,105,136,268,0.33447,89,13.79899,9.00084,13798.99219,727.88721,417.12546,0,0,0.68983,149,149,178,0,4.79815,7.37014,"plant_1"
2025-06-30,"ble",1719.16602,2.62968,2.08742,0.84156,2.82531,25.9956,63,105,136,268,0.23573,89,13.80906,9.0109,13809.05664,718.3515,417.12546,0,0,0.54452,149,149,178,0,4.79815,6.61886,"plant_1"
2025-07-01,"ble",1747.16602,2.62968,2.23046,0.84156,2.33031,28.098,63,105,136,268,0.22952,89,13.81945,9.0213,13819.44824,707.45062,417.12546,0,0,0.40148,149,149,178,0,4.79815,7.26578,"plant_1"
2025-07-02,"ble",1775.16602,2.62968,2.39397,0.84156,1.38869,27.1476,63,105,136,268,0.11106,89,13.8241,9.02595,13824.10156,696.91418,417.12546,0,0,0.23797,149,149,178,0,4.79815,6.78134,"plant_1"
2025-07-03,"ble",1803.16602,2.62968,2.55202,0.84156,0.47426,26.55,63,105,136,268,0.06093,89,13.82644,9.02828,13826.43652,691.58612,417.12546,0,0,0.07992,149,149,178,0,4.79815,7.06848,"plant_1"
2025-07-04,"ble",1831.16602,2.62968,2.63194,0.84156,0,27.0216,63,105,136,268,0.01,89,13.82644,9.02828,13826.43652,691.586,417.12546,0,0,0,149,149,178,0,4.79815,7.37795,"plant_1"
2025-07-05,"ble",1859.16602,2.62968,2.63194,0.84156,0,27.45,63,105,136,268,0.01,89,13.82644,9.02828,13826.43652,691.586,417.12546,0,0,0,149,149,178,0,4.79815,7.61041,"plant_1"
2025-07-06,"ble",1887.16602,2.62968,2.63194,0.84156,0,20.3004,63,105,136,268,0.01,89,13.82644,9.02828,13826.43652,691.586,417.12546,0,0,0,149,149,178,0,4.79815,6.71084,"plant_1"
2025-07-07,"ble",1913.3175,2.62968,2.63194,0.84156,0,25.0308,63,105,136,268,0.01,89,13.82644,9.02828,13826.43652,691.586,417.12546,0,0,0,149,149,178,0,4.79815,7.27485,"plant_1"
2025-07-08,"ble",1939.55664,2.62968,2.63194,0.84156,0,28.6668,63,105,136,268,0.01,89,13.82644,9.02828,13826.43652,691.586,417.12546,0,0,0,149,149,178,0,4.79815,7.76319,"plant_1"
2025-07-09,"ble",1965.53027,2.62968,2.63194,0.84156,0,29.5416,63,105,136,268,0.01,89,13.82644,9.02828,13826.43652,691.586,417.12546,0,0,0,149,149,178,0,4.79815,6.97239,"plant_1"
2025-07-10,"ble",1992.49561,2.62968,2.63194,0.84156,0,29.5164,63,105,136,268,0.01,89,13.82644,9.02828,13826.43652,691.586,417.12546,0,0,0,149,149,178,0,4.79815,7.05667,"plant_1"
2025-07-11,"ble",2020.49561,2.62968,2.63194,0,0,29.0664,63,105,136,268,0.01,99,13.82644,9.02828,13826.43652,691.586,417.12546,0,0,0,149,149,178,192,4.79815,6.62304,"plant_1"
2025-07-12,"ble",2020.49561,2.62968,0,0,0,12.8736,63,105,136,268,0.01,-1,13.82644,9.02828,13826.43652,691.586,417.12546,0,0,0,149,149,178,192,4.79815,3.1231,"plant_1"
2025-07-13,"ble",2020.49561,2.62968,0,0,0,26.6148,63,105,136,268,0.01,-1,13.82644,9.02828,13826.43652,691.586,417.12546,0,0,0,149,149,178,192,4.79815,5.77347,"plant_1"
2025-07-14,"ble",2020.49561,2.62968,0,0,0,26.8344,63,105,136,268,0.01,-1,13.82644,9.02828,13826.43652,691.586,417.12546,0,0,0,149,149,178,192,4.79815,6.30715,"plant_1"
2025-07-15,"ble",2020.49561,2.62968,0,0,0,25.8192,63,105,136,268,0.01,-1,13.82644,9.02828,13826.43652,691.586,417.12546,0,0,0,149,149,178,192,4.79815,7.01123,"plant_1"
2025-07-16,"ble",2020.49561,2.62968,0,0,0,28.656,63,105,136,268,0.01,-1,13.82644,9.02828,13826.43652,691.586,417.12546,0,0,0,149,149,178,192,4.79815,7.37196,"plant_1"
2025-07-17,"ble",2020.49561,2.62968,0,0,0,28.0692,63,105,136,268,0.01,-1,13.82644,9.02828,13826.43652,691.586,417.12546,0,0,0,149,149,178,192,4.79815,7.0415,"plant_1"
2025-07-18,"ble",2020.49561,2.62968,0,0,0,27.7272,63,105,136,268,0.01,-1,13.82644,9.02828,13826.43652,691.586,417.12546,0,0,0,149,149,178,192,4.79815,7.27222,"plant_1"
2025-07-19,"ble",2020.49561,2.62968,0,0,0,16.6428,63,105,136,268,0.01,-1,13.82644,9.02828,13826.43652,691.586,417.12546,0,0,0,149,149,178,192,4.79815,4.13748,"plant_1"
2025-07-20,"ble",2020.49561,2.62968,0,0,0,25.56,63,105,136,268,0.01,-1,13.82644,9.02828,13826.43652,691.586,417.12546,0,0,0,149,149,178,192,4.79815,5.56601,"plant_1"
2025-07-21,"ble",2020.49561,2.62968,0,0,0,24.9228,63,105,136,268,0.01,-1,13.82644,9.02828,13826.43652,691.586,417.12546,0,0,0,149,149,178,192,4.79815,6.39329,"plant_1"
2025-07-22,"ble",2020.49561,2.62968,0,0,0,27.8244,63,105,136,268,0.01,-1,13.82644,9.02828,13826.43652,691.586,417.12546,0,0,0,149,149,178,192,4.79815,6.43259,"plant_1"
2025-07-23,"ble",2020.49561,2.62968,0,0,0,18.9108,63,105,136,268,0.01,-1,13.82644,9.02828,13826.43652,691.586,417.12546,0,0,0,149,149,178,192,4.79815,5.01752,"plant_1"
2025-07-24,"ble",2020.49561,2.62968,0,0,0,25.3296,63,105,136,268,0.01,-1,13.82644,9.02828,13826.43652,691.586,417.12546,0,0,0,149,149,178,192,4.79815,6.36714,"plant_1"
2025-07-25,"ble",2020.49561,2.62968,0,0,0,23.9184,63,105,136,268,0.01,-1,13.82644,9.02828,13826.43652,691.586,417.12546,0,0,0,149,149,178,192,4.79815,6.57797,"plant_1"
2025-07-26,"ble",2020.49561,2.62968,0,0,0,20.9088,63,105,136,268,0.01,-1,13.82644,9.02828,13826.43652,691.586,417.12546,0,0,0,149,149,178,192,4.79815,7.18252,"plant_1"
2025-07-27,"ble",2020.49561,2.62968,0,0,0,18.2088,63,105,136,268,0.01,-1,13.82644,9.02828,13826.43652,691.586,417.12546,0,0,0,149,149,178,192,4.79815,6.18433,"plant_1"
2025-07-28,"ble",2020.49561,2.62968,0,0,0,23.6808,63,105,136,268,0.01,-1,13.82644,9.02828,13826.43652,691.586,417.12546,0,0,0,149,149,178,192,4.79815,7.69156,"plant_1"
2025-07-29,"ble",2020.49561,2.62968,0,0,0,26.3304,63,105,136,268,0.01,-1,13.82644,9.02828,13826.43652,691.586,417.12546,0,0,0,149,149,178,192,4.79815,7.57486,"plant_1"
2025-07-30,"ble",2020.49561,2.62968,0,0,0,18.3888,63,105,136,268,0.01,-1,13.82644,9.02828,13826.43652,691.586,417.12546,0,0,0,149,149,178,192,4.79815,6.55866,"plant_1"
2025-07-31,"ble",2020.49561,2.62968,0,0,0,26.586,63,105,136,268,0.01,-1,13.82644,9.02828,13826.43652,691.586,417.12546,0,0,0,149,149,178,192,4.79815,6.10367,"plant_1"
2025-08-01,"ble",2020.49561,2.62968,0,0,0,25.5708,63,105,136,268,0.01,-1,13.82644,9.02828,13826.43652,691.586,417.12546,0,0,0,149,149,178,192,4.79815,6.90157,"plant_1"
2025-08-02,"ble",2020.49561,2.62968,0,0,0,26.4744,63,105,136,268,0.01,-1,13.82644,9.02828,13826.43652,691.586,417.12546,0,0,0,149,149,178,192,4.79815,7.07282,"plant_1"
2025-08-03,"ble",2020.49561,2.62968,0,0,0,26.9676,63,105,136,268,0.01,-1,13.82644,9.02828,13826.43652,691.586,417.12546,0,0,0,149,149,178,192,4.79815,6.73342,"plant_1"
2025-08-04,"ble",2020.49561,2.62968,0,0,0,25.3692,63,105,136,268,0.01,-1,13.82644,9.02828,13826.43652,691.586,417.12546,0,0,0,149,149,178,192,4.79815,6.09188,"plant_1"
2025-08-05,"ble",2020.49561,2.62968,0,0,0,26.2512,63,105,136,268,0.01,-1,13.82644,9.02828,13826.43652,691.586,417.12546,0,0,0,149,149,178,192,4.79815,6.71723,"plant_1"
2025-08-06,"ble",2020.49561,2.62968,0,0,0,22.4496,63,105,136,268,0.01,-1,13.82644,9.02828,13826.43652,691.586,417.12546,0,0,0,149,149,178,192,4.79815,6.16334,"plant_1"
2025-08-07,"ble",2020.49561,2.62968,0,0,0,25.956,63,105,136,268,0.01,-1,13.82644,9.02828,13826.43652,691.586,417.12546,0,0,0,149,149,178,192,4.79815,5.8004,"plant_1"
2025-08-08,"ble",2020.49561,2.62968,0,0,0,25.2072,63,105,136,268,0.01,-1,13.82644,9.02828,13826.43652,691.586,417.12546,0,0,0,149,149,178,192,4.79815,5.49841,"plant_1"
2025-08-09,"ble",2020.49561,2.62968,0,0,0,25.2216,63,105,136,268,0.01,-1,13.82644,9.02828,13826.43652,691.586,417.12546,0,0,0,149,149,178,192,4.79815,5.61113,"plant_1"
2025-08-10,"ble",2020.49561,2.62968,0,0,0,24.282,63,105,136,268,0.01,-1,13.82644,9.02828,13826.43652,691.586,417.12546,0,0,0,149,149,178,192,4.79815,6.35851,"plant_1"
2025-08-11,"ble",2020.49561,2.62968,0,0,0,25.4916,63,105,136,268,0.01,-1,13.82644,9.02828,13826.43652,691.586,417.12546,0,0,0,149,149,178,192,4.79815,6.59879,"plant_1"
2025-08-12,"ble",2020.49561,2.62968,0,0,0,24.0192,63,105,136,268,0.01,-1,13.82644,9.02828,13826.43652,691.586,417.12546,0,0,0,149,149,178,192,4.79815,6.03013,"plant_1"
2025-08-13,"ble",2020.49561,2.62968,0,0,0,24.93,63,105,136,268,0.01,-1,13.82644,9.02828,13826.43652,691.586,417.12546,0,0,0,149,149,178,192,4.79815,5.95818,"plant_1"
2025-08-14,"ble",2020.49561,2.62968,0,0,0,21.1644,63,105,136,268,0.01,-1,13.82644,9.02828,13826.43652,691.586,417.12546,0,0,0,149,149,178,192,4.79815,6.12567,"plant_1"
2025-08-15,"ble",2020.49561,2.62968,0,0,0,23.886,63,105,136,268,0.01,-1,13.82644,9.02828,13826.43652,691.586,417.12546,0,0,0,149,149,178,192,4.79815,6.29271,"plant_1"
2025-08-16,"ble",2020.49561,2.62968,0,0,0,24.642,63,105,136,268,0.01,-1,13.82644,9.02828,13826.43652,691.586,417.12546,0,0,0,149,149,178,192,4.79815,7.81666,"plant_1"
2025-08-17,"ble",2020.49561,2.62968,0,0,0,24.8436,63,105,136,268,0.01,-1,13.82644,9.02828,13826.43652,691.586,417.12546,0,0,0,149,149,178,192,4.79815,7.67114,"plant_1"
2025-08-18,"ble",2020.49561,2.62968,0,0,0,24.3288,63,105,136,268,0.01,-1,13.82644,9.02828,13826.43652,691.586,417.12546,0,0,0,149,149,178,192,4.79815,6.56642,"plant_1"
2025-08-19,"ble",2020.49561,2.62968,0,0,0,16.3728,63,105,136,268,0.01,-1,13.82644,9.02828,13826.43652,691.586,417.12546,0,0,0,149,149,178,192,4.79815,4.15361,"plant_1"
2025-08-20,"ble",2020.49561,2.62968,0,0,0,19.7064,63,105,136,268,0.01,-1,13.82644,9.02828,13826.43652,691.586,417.12546,0,0,0,149,149,178,192,4.79815,4.38659,"plant_1"
2025-08-21,"ble",2020.49561,2.62968,0,0,0,20.286,63,105,136,268,0.01,-1,13.82644,9.02828,13826.43652,691.586,417.12546,0,0,0,149,149,178,192,4.79815,4.79974,"plant_1"
2025-08-22,"ble",2020.49561,2.62968,0,0,0,22.8888,63,105,136,268,0.01,-1,13.82644,9.02828,13826.43652,691.586,417.12546,0,0,0,149,149,178,192,4.79815,5.85536,"plant_1"
2025-08-23,"ble",2020.49561,2.62968,0,0,0,24.1668,63,105,136,268,0.01,-1,13.82644,9.02828,13826.43652,691.586,417.12546,0,0,0,149,149,178,192,4.79815,5.04698,"plant_1"
2025-08-24,"ble",2020.49561,2.62968,0,0,0,23.9544,63,105,136,268,0.01,-1,13.82644,9.02828,13826.43652,691.586,417.12546,0,0,0,149,149,178,192,4.79815,5.65884,"plant_1"
2025-08-25,"ble",2020.49561,2.62968,0,0,0,16.0668,63,105,136,268,0.01,-1,13.82644,9.02828,13826.43652,691.586,417.12546,0,0,0,149,149,178,192,4.79815,3.42812,"plant_1"
2025-08-26,"ble",2020.49561,2.62968,0,0,0,16.1532,63,105,136,268,0.01,-1,13.82644,9.02828,13826.43652,691.586,417.12546,0,0,0,149,149,178,192,4.79815,3.67843,"plant_1"
2025-08-27,"ble",2020.49561,2.62968,0,0,0,16.7364,63,105,136,268,0.01,-1,13.82644,9.02828,13826.43652,691.586,417.12546,0,0,0,149,149,178,192,4.79815,3.99663,"plant_1"
2025-08-28,"ble",2020.49561,2.62968,0,0,0,13.0356,63,105,136,268,0.01,-1,13.82644,9.02828,13826.43652,691.586,417.12546,0,0,0,149,149,178,192,4.79815,3.43622,"plant_1"
2025-08-29,"ble",2020.49561,2.62968,0,0,0,16.542,63,105,136,268,0.01,-1,13.82644,9.02828,13826.43652,691.586,417.12546,0,0,0,149,149,178,192,4.79815,4.17053,"plant_1"
2025-08-30,"ble",2020.49561,2.62968,0,0,0,18.5796,63,105,136,268,0.01,-1,13.82644,9.02828,13826.43652,691.586,417.12546,0,0,0,149,149,178,192,4.79815,4.97899,"plant_1"
2025-08-31,"ble",2020.49561,2.62968,0,0,0,21.4632,63,105,136,268,0.01,-1,13.82644,9.02828,13826.43652,691.586,417.12546,0,0,0,149,149,178,192,4.79815,4.3966,"plant_1"
2025-09-01,"ble",2020.49561,2.62968,0,0,0,16.0668,63,105,136,268,0.01,-1,13.82644,9.02828,13826.43652,691.586,417.12546,0,0,0,149,149,178,192,4.79815,3.84714,"plant_1"
2025-09-02,"ble",2020.49561,2.62968,0,0,0,21.2688,63,105,136,268,0.01,-1,13.82644,9.02828,13826.43652,691.586,417.12546,0,0,0,149,149,178,192,4.79815,4.84021,"plant_1"
2025-09-03,"ble",2020.49561,2.62968,0,0,0,21.6576,63,105,136,268,0.01,-1,13.82644,9.02828,13826.43652,691.586,417.12546,0,0,0,149,149,178,192,4.79815,4.60628,"plant_1"
2025-09-04,"ble",2020.49561,2.62968,0,0,0,12.798,63,105,136,268,0.01,-1,13.82644,9.02828,13826.43652,691.586,417.12546,0,0,0,149,149,178,192,4.79815,3.10617,"plant_1"
2025-09-05,"ble",2020.49561,2.62968,0,0,0,21.4956,63,105,136,268,0.01,-1,13.82644,9.02828,13826.43652,691.586,417.12546,0,0,0,149,149,178,192,4.79815,4.80035,"plant_1"
2025-09-06,"ble",2020.49561,2.62968,0,0,0,21.6072,63,105,136,268,0.01,-1,13.82644,9.02828,13826.43652,691.586,417.12546,0,0,0,149,149,178,192,4.79815,4.54249,"plant_1"
2025-09-07,"ble",2020.49561,2.62968,0,0,0,19.6416,63,105,136,268,0.01,-1,13.82644,9.02828,13826.43652,691.586,417.12546,0,0,0,149,149,178,192,4.79815,3.89192,"plant_1"
2025-09-08,"ble",2020.49561,2.62968,0,0,0,18.3204,63,105,136,268,0.01,-1,13.82644,9.02828,13826.43652,691.586,417.12546,0,0,0,149,149,178,192,4.79815,3.96417,"plant_1"
2025-09-09,"ble",2020.49561,2.62968,0,0,0,18.3204,63,105,136,268,0.01,-1,13.82644,9.02828,13826.43652,691.586,417.12546,0,0,0,149,149,178,192,4.79815,4.25322,"plant_1"
2025-09-10,"ble",2020.49561,2.62968,0,0,0,19.638,63,105,136,268,0.01,-1,13.82644,9.02828,13826.43652,691.586,417.12546,0,0,0,149,149,178,192,4.79815,4.66467,"plant_1"
2025-09-11,"ble",2020.49561,2.62968,0,0,0,15.8436,63,105,136,268,0.01,-1,13.82644,9.02828,13826.43652,691.586,417.12546,0,0,0,149,149,178,192,4.79815,4.88041,"plant_1"
2025-09-12,"ble",2020.49561,2.62968,0,0,0,15.9228,63,105,136,268,0.01,-1,13.82644,9.02828,13826.43652,691.586,417.12546,0,0,0,149,149,178,192,4.79815,4.00575,"plant_1"
2025-09-13,"ble",2020.49561,2.62968,0,0,0,4.8456,63,105,136,268,0.01,-1,13.82644,9.02828,13826.43652,691.586,417.12546,0,0,0,149,149,178,192,4.79815,1.56415,"plant_1"
2025-09-14,"ble",2020.49561,2.62968,0,0,0,16.1964,63,105,136,268,0.01,-1,13.82644,9.02828,13826.43652,691.586,417.12546,0,0,0,149,149,178,192,4.79815,3.49863,"plant_1"
2025-09-15,"ble",2020.49561,2.62968,0,0,0,18.6228,63,105,136,268,0.01,-1,13.82644,9.02828,13826.43652,691.586,417.12546,0,0,0,149,149,178,192,4.79815,4.21972,"plant_1"
2025-09-16,"ble",2020.49561,2.62968,0,0,0,18.774,63,105,136,268,0.01,-1,13.82644,9.02828,13826.43652,691.586,417.12546,0,0,0,149,149,178,192,4.79815,4.13463,"plant_1"
2025-09-17,"ble",2020.49561,2.62968,0,0,0,18.8532,63,105,136,268,0.01,-1,13.82644,9.02828,13826.43652,691.586,417.12546,0,0,0,149,149,178,192,4.79815,3.79866,"plant_1"
2025-09-18,"ble",2020.49561,2.62968,0,0,0,19.368,63,105,136,268,0.01,-1,13.82644,9.02828,13826.43652,691.586,417.12546,0,0,0,149,149,178,192,4.79815,3.61949,"plant_1"
2025-09-19,"ble",2020.49561,2.62968,0,0,0,18.1188,63,105,136,268,0.01,-1,13.82644,9.02828,13826.43652,691.586,417.12546,0,0,0,149,149,178,192,4.79815,3.13857,"plant_1"
2025-09-20,"ble",2020.49561,2.62968,0,0,0,18.1476,63,105,136,268,0.01,-1,13.82644,9.02828,13826.43652,691.586,417.12546,0,0,0,149,149,178,192,4.79815,3.41494,"plant_1"
2025-09-21,"ble",2020.49561,2.62968,0,0,0,9.504,63,105,136,268,0.01,-1,13.82644,9.02828,13826.43652,691.586,417.12546,0,0,0,149,149,178,192,4.79815,2.14426,"plant_1"
2025-09-22,"ble",2020.49561,2.62968,0,0,0,16.3404,63,105,136,268,0.01,-1,13.82644,9.02828,13826.43652,691.586,417.12546,0,0,0,149,149,178,192,4.79815,3.35824,"plant_1"
2025-09-23,"ble",2020.49561,2.62968,0,0,0,16.65,63,105,136,268,0.01,-1,13.82644,9.02828,13826.43652,691.586,417.12546,0,0,0,149,149,178,192,4.79815,3.07967,"plant_1"
2025-09-24,"ble",2020.49561,2.62968,0,0,0,15.4656,63,105,136,268,0.01,-1,13.82644,9.02828,13826.43652,691.586,417.12546,0,0,0,149,149,178,192,4.79815,3.58665,"plant_1"
2025-09-25,"ble",2020.49561,2.62968,0,0,0,14.13,63,105,136,268,0.01,-1,13.82644,9.02828,13826.43652,691.586,417.12546,0,0,0,149,149,178,192,4.79815,3.15116,"plant_1"
2025-09-26,"ble",2020.49561,2.62968,0,0,0,15.8832,63,105,136,268,0.01,-1,13.82644,9.02828,13826.43652,691.586,417.12546,0,0,0,149,149,178,192,4.79815,2.49139,"plant_1"
2025-09-27,"ble",2020.49561,2.62968,0,0,0,16.5276,63,105,136,268,0.01,-1,13.82644,9.02828,13826.43652,691.586,417.12546,0,0,0,149,149,178,192,4.79815,2.5526,"plant_1"
2025-09-28,"ble",2020.49561,2.62968,0,0,0,10.152,63,105,136,268,0.01,-1,13.82644,9.02828,13826.43652,691.586,417.12546,0,0,0,149,149,178,192,4.79815,1.92075,"plant_1"
2025-09-29,"ble",2020.49561,2.62968,0,0,0,16.9992,63,105,136,268,0.01,-1,13.82644,9.02828,13826.43652,691.586,417.12546,0,0,0,149,149,178,192,4.79815,2.57557,"plant_1"
2025-09-30,"ble",2020.49561,2.62968,0,0,0,16.5996,63,105,136,268,0.01,-1,13.82644,9.02828,13826.43652,691.586,417.12546,0,0,0,149,149,178,192,4.79815,2.9032,"plant_1"
2025-10-01,"ble",2020.49561,2.62968,0,0,0,17.0316,63,105,136,268,0.01,-1,13.82644,9.02828,13826.43652,691.586,417.12546,0,0,0,149,149,178,192,4.79815,3.8627,"plant_1"
2025-10-02,"ble",2020.49561,2.62968,0,0,0,16.9416,63,105,136,268,0.01,-1,13.82644,9.02828,13826.43652,691.586,417.12546,0,0,0,149,149,178,192,4.79815,3.42225,"plant_1"
2025-10-03,"ble",2020.49561,2.62968,0,0,0,12.9204,63,105,136,268,0.01,-1,13.82644,9.02828,13826.43652,691.586,417.12546,0,0,0,149,149,178,192,4.79815,2.20357,"plant_1"
2025-10-04,"ble",2020.49561,2.62968,0,0,0,12.8844,63,105,136,268,0.01,-1,13.82644,9.02828,13826.43652,691.586,417.12546,0,0,0,149,149,178,192,4.79815,3.14033,"plant_1"
2025-10-05,"ble",2020.49561,2.62968,0,0,0,15.9192,63,105,136,268,0.01,-1,13.82644,9.02828,13826.43652,691.586,417.12546,0,0,0,149,149,178,192,4.79815,4.05905,"plant_1"
2025-10-06,"ble",2020.49561,2.62968,0,0,0,15.9804,63,105,136,268,0.01,-1,13.82644,9.02828,13826.43652,691.586,417.12546,0,0,0,149,149,178,192,4.79815,3.39596,"plant_1"
2025-10-07,"ble",2020.49561,2.62968,0,0,0,14.868,63,105,136,268,0.01,-1,13.82644,9.02828,13826.43652,691.586,417.12546,0,0,0,149,149,178,192,4.79815,2.94102,"plant_1"
2025-10-08,"ble",2020.49561,2.62968,0,0,0,13.446,63,105,136,268,0.01,-1,13.82644,9.02828,13826.43652,691.586,417.12546,0,0,0,149,149,178,192,4.79815,2.19312,"plant_1"
2025-10-09,"ble",2020.49561,2.62968,0,0,0,11.88,63,105,136,268,0.01,-1,13.82644,9.02828,13826.43652,691.586,417.12546,0,0,0,149,149,178,192,4.79815,2.34894,"plant_1"
2025-10-10,"ble",2020.49561,2.62968,0,0,0,14.8464,63,105,136,268,0.01,-1,13.82644,9.02828,13826.43652,691.586,417.12546,0,0,0,149,149,178,192,4.79815,3.38546,"plant_1"
2025-10-11,"ble",2020.49561,2.62968,0,0,0,14.8032,63,105,136,268,0.01,-1,13.82644,9.02828,13826.43652,691.586,417.12546,0,0,0,149,149,178,192,4.79815,3.02149,"plant_1"
2025-10-12,"ble",2020.49561,2.62968,0,0,0,14.0904,63,105,136,268,0.01,-1,13.82644,9.02828,13826.43652,691.586,417.12546,0,0,0,149,149,178,192,4.79815,2.45135,"plant_1"
2025-10-13,"ble",2020.49561,2.62968,0,0,0,14.2308,63,105,136,268,0.01,-1,13.82644,9.02828,13826.43652,691.586,417.12546,0,0,0,149,149,178,192,4.79815,2.35145,"plant_1"
2025-10-14,"ble",2020.49561,2.62968,0,0,0,13.9536,63,105,136,268,0.01,-1,13.82644,9.02828,13826.43652,691.586,417.12546,0,0,0,149,149,178,192,4.79815,2.38045,"plant_1"
2025-10-15,"ble",2020.49561,2.62968,0,0,0,13.9932,63,105,136,268,0.01,-1,13.82644,9.02828,13826.43652,691.586,417.12546,0,0,0,149,149,178,192,4.79815,2.60376,"plant_1"
2025-10-16,"ble",2020.49561,2.62968,0,0,0,13.878,63,105,136,268,0.01,-1,13.82644,9.02828,13826.43652,691.586,417.12546,0,0,0,149,149,178,192,4.79815,2.29051,"plant_1"
2025-10-17,"ble",2020.49561,2.62968,0,0,0,13.824,63,105,136,268,0.01,-1,13.82644,9.02828,13826.43652,691.586,417.12546,0,0,0,149,149,178,192,4.79815,2.03835,"plant_1"
2025-10-18,"ble",2020.49561,2.62968,0,0,0,13.7088,63,105,136,268,0.01,-1,13.82644,9.02828,13826.43652,691.586,417.12546,0,0,0,149,149,178,192,4.79815,1.92765,"plant_1"
2025-10-19,"ble",2020.49561,2.62968,0,0,0,6.732,63,105,136,268,0.01,-1,13.82644,9.02828,13826.43652,691.586,417.12546,0,0,0,149,149,178,192,4.79815,1.21197,"plant_1"
2025-10-20,"ble",2020.49561,2.62968,0,0,0,10.7892,63,105,136,268,0.01,-1,13.82644,9.02828,13826.43652,691.586,417.12546,0,0,0,149,149,178,192,4.79815,2.18111,"plant_1"
2025-10-21,"ble",2020.49561,2.62968,0,0,0,4.2876,63,105,136,268,0.01,-1,13.82644,9.02828,13826.43652,691.586,417.12546,0,0,0,149,149,178,192,4.79815,1.07301,"plant_1"
2025-10-22,"ble",2020.49561,2.62968,0,0,0,8.8452,63,105,136,268,0.01,-1,13.82644,9.02828,13826.43652,691.586,417.12546,0,0,0,149,149,178,192,4.79815,1.74606,"plant_1"
2025-10-23,"ble",2020.49561,2.62968,0,0,0,9.6444,63,105,136,268,0.01,-1,13.82644,9.02828,13826.43652,691.586,417.12546,0,0,0,149,149,178,192,4.79815,1.96716,"plant_1"
2025-10-24,"ble",2020.49561,2.62968,0,0,0,10.6848,63,105,136,268,0.01,-1,13.82644,9.02828,13826.43652,691.586,417.12546,0,0,0,149,149,178,192,4.79815,1.96504,"plant_1"
2025-10-25,"ble",2020.49561,2.62968,0,0,0,9.4176,63,105,136,268,0.01,-1,13.82644,9.02828,13826.43652,691.586,417.12546,0,0,0,149,149,178,192,4.79815,1.68201,"plant_1"
2025-10-26,"ble",2020.49561,2.62968,0,0,0,11.826,63,105,136,268,0.01,-1,13.82644,9.02828,13826.43652,691.586,417.12546,0,0,0,149,149,178,192,4.79815,2.42022,"plant_1"
2025-10-27,"ble",2020.49561,2.62968,0,0,0,8.3916,63,105,136,268,0.01,-1,13.82644,9.02828,13826.43652,691.586,417.12546,0,0,0,149,149,178,192,4.79815,1.86831,"plant_1"
2025-10-28,"ble",2020.49561,2.62968,0,0,0,11.952,63,105,136,268,0.01,-1,13.82644,9.02828,13826.43652,691.586,417.12546,0,0,0,149,149,178,192,4.79815,1.44193,"plant_1"
2025-10-29,"ble",2020.49561,2.62968,0,0,0,3.8772,63,105,136,268,0.01,-1,13.82644,9.02828,13826.43652,691.586,417.12546,0,0,0,149,149,178,192,4.79815,0.54385,"plant_1"
2025-10-30,"ble",2020.49561,2.62968,0,0,0,11.6028,63,105,136,268,0.01,-1,13.82644,9.02828,13826.43652,691.586,417.12546,0,0,0,149,149,178,192,4.79815,1.50723,"plant_1"
2025-10-31,"ble",2020.49561,2.62968,0,0,0,7.02,63,105,136,268,0.01,-1,13.82644,9.02828,13826.43652,691.586,417.12546,0,0,0,149,149,178,192,4.79815,0.77631,"plant_1"
2025-11-01,"ble",2020.49561,2.62968,0,0,0,6.426,63,105,136,268,0.01,-1,13.82644,9.02828,13826.43652,691.586,417.12546,0,0,0,149,149,178,192,4.79815,1.00726,"plant_1"
2025-11-02,"ble",2020.49561,2.62968,0,0,0,6.8328,63,105,136,268,0.01,-1,13.82644,9.02828,13826.43652,691.586,417.12546,0,0,0,149,149,178,192,4.79815,1.4778,"plant_1"
2025-11-03,"ble",2020.49561,2.62968,0,0,0,10.9728,63,105,136,268,0.01,-1,13.82644,9.02828,13826.43652,691.586,417.12546,0,0,0,149,149,178,192,4.79815,1.53223,"plant_1"
2025-11-04,"ble",2020.49561,2.62968,0,0,0,10.9224,63,105,136,268,0.01,-1,13.82644,9.02828,13826.43652,691.586,417.12546,0,0,0,149,149,178,192,4.79815,1.04168,"plant_1"
2025-11-05,"ble",2020.49561,2.62968,0,0,0,5.2056,63,105,136,268,0.01,-1,13.82644,9.02828,13826.43652,691.586,417.12546,0,0,0,149,149,178,192,4.79815,0.87849,"plant_1"
2025-11-06,"ble",2020.49561,2.62968,0,0,0,2.5416,63,105,136,268,0.01,-1,13.82644,9.02828,13826.43652,691.586,417.12546,0,0,0,149,149,178,192,4.79815,0.80416,"plant_1"
2025-11-07,"ble",2020.49561,2.62968,0,0,0,8.766,63,105,136,268,0.01,-1,13.82644,9.02828,13826.43652,691.586,417.12546,0,0,0,149,149,178,192,4.79815,0.83146,"plant_1"
2025-11-08,"ble",2020.49561,2.62968,0,0,0,8.2332,63,105,136,268,0.01,-1,13.82644,9.02828,13826.43652,691.586,417.12546,0,0,0,149,149,178,192,4.79815,0.88981,"plant_1"
2025-11-09,"ble",2020.49561,2.62968,0,0,0,10.0152,63,105,136,268,0.01,-1,13.82644,9.02828,13826.43652,691.586,417.12546,0,0,0,149,149,178,192,4.79815,1.21508,"plant_1"
2025-11-10,"ble",2020.49561,2.62968,0,0,0,8.2728,63,105,136,268,0.01,-1,13.82644,9.02828,13826.43652,691.586,417.12546,0,0,0,149,149,178,192,4.79815,0.62547,"plant_1"
2025-11-11,"ble",2020.49561,2.62968,0,0,0,8.5032,63,105,136,268,0.01,-1,13.82644,9.02828,13826.43652,691.586,417.12546,0,0,0,149,149,178,192,4.79815,0.46357,"plant_1"
2025-11-12,"ble",2020.49561,2.62968,0,0,0,7.5096,63,105,136,268,0.01,-1,13.82644,9.02828,13826.43652,691.586,417.12546,0,0,0,149,149,178,192,4.79815,0.83947,"plant_1"
2025-11-13,"ble",2020.49561,2.62968,0,0,0,6.8004,63,105,136,268,0.01,-1,13.82644,9.02828,13826.43652,691.586,417.12546,0,0,0,149,149,178,192,4.79815,0.8893,"plant_1"
2025-11-14,"ble",2020.49561,2.62968,0,0,0,2.5992,63,105,136,268,0.01,-1,13.82644,9.02828,13826.43652,691.586,417.12546,0,0,0,149,149,178,192,4.79815,1.20686,"plant_1"
2025-11-15,"ble",2020.49561,2.62968,0,0,0,9.0072,63,105,136,268,0.01,-1,13.82644,9.02828,13826.43652,691.586,417.12546,0,0,0,149,149,178,192,4.79815,1.09188,"plant_1"
2025-11-16,"ble",2020.49561,2.62968,0,0,0,7.8588,63,105,136,268,0.01,-1,13.82644,9.02828,13826.43652,691.586,417.12546,0,0,0,149,149,178,192,4.79815,0.85284,"plant_1"
2025-11-17,"ble",2020.49561,2.62968,0,0,0,8.4564,63,105,136,268,0.01,-1,13.82644,9.02828,13826.43652,691.586,417.12546,0,0,0,149,149,178,192,4.79815,1.29616,"plant_1"
2025-11-18,"ble",2020.49561,2.62968,0,0,0,9.5292,63,105,136,268,0.01,-1,13.82644,9.02828,13826.43652,691.586,417.12546,0,0,0,149,149,178,192,4.79815,0.8949,"plant_1"
2025-11-19,"ble",2020.49561,2.62968,0,0,0,9.0936,63,105,136,268,0.01,-1,13.82644,9.02828,13826.43652,691.586,417.12546,0,0,0,149,149,178,192,4.79815,0.36459,"plant_1"
2025-11-20,"ble",2020.49561,2.62968,0,0,0,6.6924,63,105,136,268,0.01,-1,13.82644,9.02828,13826.43652,691.586,417.12546,0,0,0,149,149,178,192,4.79815,1.31386,"plant_1"
2025-11-21,"ble",2020.49561,2.62968,0,0,0,8.8416,63,105,136,268,0.01,-1,13.82644,9.02828,13826.43652,691.586,417.12546,0,0,0,149,149,178,192,4.79815,1.42327,"plant_1"
2025-11-22,"ble",2020.49561,2.62968,0,0,0,9.0648,63,105,136,268,0.01,-1,13.82644,9.02828,13826.43652,691.586,417.12546,0,0,0,149,149,178,192,4.79815,1.31665,"plant_1"
2025-11-23,"ble",2020.49561,2.62968,0,0,0,6.048,63,105,136,268,0.01,-1,13.82644,9.02828,13826.43652,691.586,417.12546,0,0,0,149,149,178,192,4.79815,0.33471,"plant_1"
2025-11-24,"ble",2020.49561,2.62968,0,0,0,3.762,63,105,136,268,0.01,-1,13.82644,9.02828,13826.43652,691.586,417.12546,0,0,0,149,149,178,192,4.79815,0.57769,"plant_1"
2025-11-25,"ble",2020.49561,2.62968,0,0,0,8.1612,63,105,136,268,0.01,-1,13.82644,9.02828,13826.43652,691.586,417.12546,0,0,0,149,149,178,192,4.79815,1.33982,"plant_1"
2025-11-26,"ble",2020.49561,2.62968,0,0,0,7.6572,63,105,136,268,0.01,-1,13.82644,9.02828,13826.43652,691.586,417.12546,0,0,0,149,149,178,192,4.79815,1.68504,"plant_1"
2025-11-27,"ble",2020.49561,2.62968,0,0,0,8.4456,63,105,136,268,0.01,-1,13.82644,9.02828,13826.43652,691.586,417.12546,0,0,0,149,149,178,192,4.79815,0.76755,"plant_1"
2025-11-28,"ble",2020.49561,2.62968,0,0,0,7.7292,63,105,136,268,0.01,-1,13.82644,9.02828,13826.43652,691.586,417.12546,0,0,0,149,149,178,192,4.79815,0.30091,"plant_1"
2025-11-29,"ble",2020.49561,2.62968,0,0,0,7.7832,63,105,136,268,0.01,-1,13.82644,9.02828,13826.43652,691.586,417.12546,0,0,0,149,149,178,192,4.79815,0.19816,"plant_1"
2025-11-30,"ble",2020.49561,2.62968,0,0,0,4.7268,63,105,136,268,0.01,-1,13.82644,9.02828,13826.43652,691.586,417.12546,0,0,0,149,149,178,192,4.79815,0.88038,"plant_1"
2025-12-01,"ble",2020.49561,2.62968,0,0,0,8.1432,63,105,136,268,0.01,-1,13.82644,9.02828,13826.43652,691.586,417.12546,0,0,0,149,149,178,192,4.79815,0.42372,"plant_1"
2025-12-02,"ble",2020.49561,2.62968,0,0,0,1.7388,63,105,136,268,0.01,-1,13.82644,9.02828,13826.43652,691.586,417.12546,0,0,0,149,149,178,192,4.79815,0.24206,"plant_1"
2025-12-03,"ble",2020.49561,2.62968,0,0,0,3.8592,63,105,136,268,0.01,-1,13.82644,9.02828,13826.43652,691.586,417.12546,0,0,0,149,149,178,192,4.79815,0.47838,"plant_1"
2025-12-04,"ble",2020.49561,2.62968,0,0,0,4.5144,63,105,136,268,0.01,-1,13.82644,9.02828,13826.43652,691.586,417.12546,0,0,0,149,149,178,192,4.79815,0.30214,"plant_1"
2025-12-05,"ble",2020.49561,2.62968,0,0,0,7.6536,63,105,136,268,0.01,-1,13.82644,9.02828,13826.43652,691.586,417.12546,0,0,0,149,149,178,192,4.79815,0.53138,"plant_1"
2025-12-06,"ble",2020.49561,2.62968,0,0,0,3.6108,63,105,136,268,0.01,-1,13.82644,9.02828,13826.43652,691.586,417.12546,0,0,0,149,149,178,192,4.79815,0.30751,"plant_1"
2025-12-07,"ble",2020.49561,2.62968,0,0,0,5.7384,63,105,136,268,0.01,-1,13.82644,9.02828,13826.43652,691.586,417.12546,0,0,0,149,149,178,192,4.79815,0.34092,"plant_1"
2025-12-08,"ble",2020.49561,2.62968,0,0,0,7.3692,63,105,136,268,0.01,-1,13.82644,9.02828,13826.43652,691.586,417.12546,0,0,0,149,149,178,192,4.79815,0.1992,"plant_1"
2025-12-09,"ble",2020.49561,2.62968,0,0,0,4.2696,63,105,136,268,0.01,-1,13.82644,9.02828,13826.43652,691.586,417.12546,0,0,0,149,149,178,192,4.79815,0.3252,"plant_1"
2025-12-10,"ble",2020.49561,2.62968,0,0,0,4.8528,63,105,136,268,0.01,-1,13.82644,9.02828,13826.43652,691.586,417.12546,0,0,0,149,149,178,192,4.79815,0.34027,"plant_1"
2025-12-11,"ble",2020.49561,2.62968,0,0,0,3.2616,63,105,136,268,0.01,-1,13.82644,9.02828,13826.43652,691.586,417.12546,0,0,0,149,149,178,192,4.79815,0.32088,"plant_1"
2025-12-12,"ble",2020.49561,2.62968,0,0,0,5.7348,63,105,136,268,0.01,-1,13.82644,9.02828,13826.43652,691.586,417.12546,0,0,0,149,149,178,192,4.79815,0.18113,"plant_1"
2025-12-13,"ble",2020.49561,2.62968,0,0,0,6.9228,63,105,136,268,0.01,-1,13.82644,9.02828,13826.43652,691.586,417.12546,0,0,0,149,149,178,192,4.79815,0.04866,"plant_1"
2025-12-14,"ble",2020.49561,2.62968,0,0,0,6.8688,63,105,136,268,0.01,-1,13.82644,9.02828,13826.43652,691.586,417.12546,0,0,0,149,149,178,192,4.79815,0.01092,"plant_1"
2025-12-15,"ble",2020.49561,2.62968,0,0,0,2.1168,63,105,136,268,0.01,-1,13.82644,9.02828,13826.43652,691.586,417.12546,0,0,0,149,149,178,192,4.79815,0.49381,"plant_1"
2025-12-16,"ble",2020.49561,2.62968,0,0,0,4.0176,63,105,136,268,0.01,-1,13.82644,9.02828,13826.43652,691.586,417.12546,0,0,0,149,149,178,192,4.79815,0.32977,"plant_1"
2025-12-17,"ble",2020.49561,2.62968,0,0,0,6.1092,63,105,136,268,0.01,-1,13.82644,9.02828,13826.43652,691.586,417.12546,0,0,0,149,149,178,192,4.79815,0.13351,"plant_1"
2025-12-18,"ble",2020.49561,2.62968,0,0,0,5.5008,63,105,136,268,0.01,-1,13.82644,9.02828,13826.43652,691.586,417.12546,0,0,0,149,149,178,192,4.79815,0.15092,"plant_1"
2025-12-19,"ble",2020.49561,2.62968,0,0,0,1.6488,63,105,136,268,0.01,-1,13.82644,9.02828,13826.43652,691.586,417.12546,0,0,0,149,149,178,192,4.79815,0.40487,"plant_1"
2025-12-20,"ble",2020.49561,2.62968,0,0,0,3.672,63,105,136,268,0.01,-1,13.82644,9.02828,13826.43652,691.586,417.12546,0,0,0,149,149,178,192,4.79815,0.52735,"plant_1"
2025-12-21,"ble",2020.49561,2.62968,0,0,0,0.324,63,105,136,268,0.01,-1,13.82644,9.02828,13826.43652,691.586,417.12546,0,0,0,149,149,178,192,4.79815,0.27081,"plant_1"
2025-12-22,"ble",2020.49561,2.62968,0,0,0,0.5004,63,105,136,268,0.01,-1,13.82644,9.02828,13826.43652,691.586,417.12546,0,0,0,149,149,178,192,4.79815,0.20667,"plant_1"
2025-12-23,"ble",2020.49561,2.62968,0,0,0,2.7072,63,105,136,268,0.01,-1,13.82644,9.02828,13826.43652,691.586,417.12546,0,0,0,149,149,178,192,4.79815,0.74571,"plant_1"
2025-12-24,"ble",2020.49561,2.62968,0,0,0,6.408,63,105,136,268,0.01,-1,13.82644,9.02828,13826.43652,691.586,417.12546,0,0,0,149,149,178,192,4.79815,0.4891,"plant_1"
2025-12-25,"ble",2020.49561,2.62968,0,0,0,3.8844,63,105,136,268,0.01,-1,13.82644,9.02828,13826.43652,691.586,417.12546,0,0,0,149,149,178,192,4.79815,0.88892,"plant_1"
2025-12-26,"ble",2020.49561,2.62968,0,0,0,4.644,63,105,136,268,0.01,-1,13.82644,9.02828,13826.43652,691.586,417.12546,0,0,0,149,149,178,192,4.79815,1.3495,"plant_1"
2025-12-27,"ble",2020.49561,2.62968,0,0,0,6.624,63,105,136,268,0.01,-1,13.82644,9.02828,13826.43652,691.586,417.12546,0,0,0,149,149,178,192,4.79815,0.95166,"plant_1"
2025-12-28,"ble",2020.49561,2.62968,0,0,0,7.3872,63,105,136,268,0.01,-1,13.82644,9.02828,13826.43652,691.586,417.12546,0,0,0,149,149,178,192,4.79815,0.46023,"plant_1"
2025-12-29,"ble",2020.49561,2.62968,0,0,0,7.362,63,105,136,268,0.01,-1,13.82644,9.02828,13826.43652,691.586,417.12546,0,0,0,149,149,178,192,4.79815,0.23114,"plant_1"
2025-12-30,"ble",2020.49561,2.62968,0,0,0,7.4916,63,105,136,268,0.01,-1,13.82644,9.02828,13826.43652,691.586,417.12546,0,0,0,149,149,178,192,4.79815,0.18341,"plant_1"
2025-12-31,"ble",2020.49561,2.62968,0,0,0,7.5996,63,105,136,268,0.01,-1,13.82644,9.02828,13826.43652,691.586,417.12546,0,0,0,149,149,178,192,4.79815,0.55986,"plant_1"
