configID,panel_length,panel_width,panel_inclination,panel_orientation,panel_height,panel_x_distance,panel_y_distance,panel_tracking
0,4.2,1.0,25.0,180.0,4.0,panel_width,10.0,false
1,4.2,1.0,25.0,180.0,4.0,2.0,10.0,false
2,4.2,1.0,25.0,180.0,4.0,3.0,10.0,false
3,4.2,1.0,25.0,180.0,4.0,4.0,10.0,false
4,4.2,1.0,25.0,180.0,4.0,5.0,10.0,false
5,4.2,1.0,25.0,180.0,4.0,6.0,10.0,false
6,3.0,1.0,0.0,180.0,4.0,panel_width,10.0,false
7,3.0,1.0,0.0,180.0,4.0,2.0,10.0,false
8,3.0,1.0,0.0,180.0,4.0,3.0,10.0,false
9,3.0,1.0,0.0,180.0,4.0,4.0,10.0,false
10,3.0,1.0,0.0,180.0,4.0,5.0,10.0,false
11,3.0,1.0,0.0,180.0,4.0,6.0,10.0,false
12,3.0,1.0,0.0,90.0,4.0,panel_width,10.0,false
13,3.0,1.0,0.0,90.0,4.0,2.0,10.0,false
14,3.0,1.0,0.0,90.0,4.0,3.0,10.0,false
15,3.0,1.0,0.0,90.0,4.0,4.0,10.0,false
16,3.0,1.0,0.0,90.0,4.0,5.0,10.0,false
17,3.0,1.0,0.0,90.0,4.0,6.0,10.0,false
18,4.2,1.0,25.0,180.0,5.0,panel_width,10.0,false
19,4.2,1.0,25.0,180.0,5.0,2.0,10.0,false
20,4.2,1.0,25.0,180.0,5.0,3.0,10.0,false
21,4.2,1.0,25.0,180.0,5.0,4.0,10.0,false
22,4.2,1.0,25.0,180.0,5.0,5.0,10.0,false
23,4.2,1.0,25.0,180.0,5.0,6.0,10.0,false
24,3.0,1.0,0.0,180.0,5.0,panel_width,10.0,false
25,3.0,1.0,0.0,180.0,5.0,2.0,10.0,false
26,3.0,1.0,0.0,180.0,5.0,3.0,10.0,false
27,3.0,1.0,0.0,180.0,5.0,4.0,10.0,false
28,3.0,1.0,0.0,180.0,5.0,5.0,10.0,false
29,3.0,1.0,0.0,180.0,5.0,6.0,10.0,false
30,3.0,1.0,0.0,90.0,5.0,panel_width,10.0,false
31,3.0,1.0,0.0,90.0,5.0,2.0,10.0,false
32,3.0,1.0,0.0,90.0,5.0,3.0,10.0,false
33,3.0,1.0,0.0,90.0,5.0,4.0,10.0,false
34,3.0,1.0,0.0,90.0,5.0,5.0,10.0,false
35,3.0,1.0,0.0,90.0,5.0,6.0,10.0,false
36,4.2,1.0,25.0,180.0,6.0,panel_width,10.0,false
37,4.2,1.0,25.0,180.0,6.0,2.0,10.0,false
38,4.2,1.0,25.0,180.0,6.0,3.0,10.0,false
39,4.2,1.0,25.0,180.0,6.0,4.0,10.0,false
40,4.2,1.0,25.0,180.0,6.0,5.0,10.0,false
41,4.2,1.0,25.0,180.0,6.0,6.0,10.0,false
42,3.0,1.0,0.0,180.0,6.0,panel_width,10.0,false
43,3.0,1.0,0.0,180.0,6.0,2.0,10.0,false
44,3.0,1.0,0.0,180.0,6.0,3.0,10.0,false
45,3.0,1.0,0.0,180.0,6.0,4.0,10.0,false
46,3.0,1.0,0.0,180.0,6.0,5.0,10.0,false
47,3.0,1.0,0.0,180.0,6.0,6.0,10.0,false
48,3.0,1.0,0.0,90.0,6.0,panel_width,10.0,false
49,3.0,1.0,0.0,90.0,6.0,2.0,10.0,false
50,3.0,1.0,0.0,90.0,6.0,3.0,10.0,false
51,3.0,1.0,0.0,90.0,6.0,4.0,10.0,false
52,3.0,1.0,0.0,90.0,6.0,5.0,10.0,false
53,3.0,1.0,0.0,90.0,6.0,6.0,10.0,false
54,4.2,1.0,25.0,180.0,7.0,panel_width,10.0,false
55,4.2,1.0,25.0,180.0,7.0,2.0,10.0,false
56,4.2,1.0,25.0,180.0,7.0,3.0,10.0,false
57,4.2,1.0,25.0,180.0,7.0,4.0,10.0,false
58,4.2,1.0,25.0,180.0,7.0,5.0,10.0,false
59,4.2,1.0,25.0,180.0,7.0,6.0,10.0,false
60,3.0,1.0,0.0,180.0,7.0,panel_width,10.0,false
61,3.0,1.0,0.0,180.0,7.0,2.0,10.0,false
62,3.0,1.0,0.0,180.0,7.0,3.0,10.0,false
63,3.0,1.0,0.0,180.0,7.0,4.0,10.0,false
64,3.0,1.0,0.0,180.0,7.0,5.0,10.0,false
65,3.0,1.0,0.0,180.0,7.0,6.0,10.0,false
66,3.0,1.0,0.0,90.0,7.0,panel_width,10.0,false
67,3.0,1.0,0.0,90.0,7.0,2.0,10.0,false
68,3.0,1.0,0.0,90.0,7.0,3.0,10.0,false
69,3.0,1.0,0.0,90.0,7.0,4.0,10.0,false
70,3.0,1.0,0.0,90.0,7.0,5.0,10.0,false
71,3.0,1.0,0.0,90.0,7.0,6.0,10.0,false
72,4.2,1.0,25.0,180.0,8.0,panel_width,10.0,false
73,4.2,1.0,25.0,180.0,8.0,2.0,10.0,false
74,4.2,1.0,25.0,180.0,8.0,3.0,10.0,false
75,4.2,1.0,25.0,180.0,8.0,4.0,10.0,false
76,4.2,1.0,25.0,180.0,8.0,5.0,10.0,false
77,4.2,1.0,25.0,180.0,8.0,6.0,10.0,false
78,3.0,1.0,0.0,180.0,8.0,panel_width,10.0,false
79,3.0,1.0,0.0,180.0,8.0,2.0,10.0,false
80,3.0,1.0,0.0,180.0,8.0,3.0,10.0,false
81,3.0,1.0,0.0,180.0,8.0,4.0,10.0,false
82,3.0,1.0,0.0,180.0,8.0,5.0,10.0,false
83,3.0,1.0,0.0,180.0,8.0,6.0,10.0,false
84,3.0,1.0,0.0,90.0,8.0,panel_width,10.0,false
85,3.0,1.0,0.0,90.0,8.0,2.0,10.0,false
86,3.0,1.0,0.0,90.0,8.0,3.0,10.0,false
87,3.0,1.0,0.0,90.0,8.0,4.0,10.0,false
88,3.0,1.0,0.0,90.0,8.0,5.0,10.0,false
89,3.0,1.0,0.0,90.0,8.0,6.0,10.0,false